"cell_id","ORF","Name","Allele","Strain.ID","Plate","Row","Column","ImageNumber","ObjectNumber","Predictions","Area","Perimeter"
261265181,"YPL095C","EEB1",NA,"dma4825","Vph1_R1_Plate13",6,2,485,1,"G1 phase",-0.565145859509385,-0.774003188809841
261265183,"YPL095C","EEB1",NA,"dma4825","Vph1_R1_Plate13",6,2,485,3,"G1 phase",0.128169908601807,-0.143402054554847
261265184,"YPL095C","EEB1",NA,"dma4825","Vph1_R1_Plate13",6,2,485,4,"G1 phase",-0.744188942483155,-0.742786126390479
261265185,"YPL095C","EEB1",NA,"dma4825","Vph1_R1_Plate13",6,2,485,5,"G1 phase",1.53384858131076,1.88611883730031
261265186,"YPL095C","EEB1",NA,"dma4825","Vph1_R1_Plate13",6,2,485,6,"G1 phase",1.86145932887979,2.02383632639048
261265187,"YPL095C","EEB1",NA,"dma4825","Vph1_R1_Plate13",6,2,485,7,"G1 phase",-0.0318260378853909,0.186065622694367
261265189,"YPL095C","EEB1",NA,"dma4825","Vph1_R1_Plate13",6,2,485,9,"G1 phase",0.604348320766088,0.433166380631279
261265190,"YPL095C","EEB1",NA,"dma4825","Vph1_R1_Plate13",6,2,485,10,"G1 phase",-0.782283215456297,-0.972836932029743
261265191,"YPL095C","EEB1",NA,"dma4825","Vph1_R1_Plate13",6,2,485,11,"G1 phase",2.90905183564121,2.99098869295554
261265192,"YPL095C","EEB1",NA,"dma4825","Vph1_R1_Plate13",6,2,485,12,"G1 phase",0.0367436534662655,-0.187468356386929
261265193,"YPL095C","EEB1",NA,"dma4825","Vph1_R1_Plate13",6,2,485,13,"G1 phase",0.349116691846034,0.0695987987867707
261265194,"YPL095C","EEB1",NA,"dma4825","Vph1_R1_Plate13",6,2,485,15,"G1 phase",1.23671325212025,0.845000977192796
261265195,"YPL095C","EEB1",NA,"dma4825","Vph1_R1_Plate13",6,2,485,16,"G1 phase",0.352926119143348,0.22724908235052
261265196,"YPL095C","EEB1",NA,"dma4825","Vph1_R1_Plate13",6,2,485,17,"G1 phase",0.074837926439408,0.0737995116716977
261265197,"YPL095C","EEB1",NA,"dma4825","Vph1_R1_Plate13",6,2,485,18,"G1 phase",-0.450863040589958,-0.516936033636143
261265198,"YPL095C","EEB1",NA,"dma4825","Vph1_R1_Plate13",6,2,485,19,"G1 phase",-1.09465625383607,-1.09218659811327
261265199,"YPL095C","EEB1",NA,"dma4825","Vph1_R1_Plate13",6,2,485,20,"G1 phase",-0.717522951401955,-0.708686221795185
261265200,"YPL095C","EEB1",NA,"dma4825","Vph1_R1_Plate13",6,2,485,21,"G1 phase",0.882436513470028,0.789650407414928
261265201,"YPL095C","EEB1",NA,"dma4825","Vph1_R1_Plate13",6,2,485,22,"G1 phase",-1.69654576681172,-1.76108834984849
261265202,"YPL095C","EEB1",NA,"dma4825","Vph1_R1_Plate13",6,2,485,23,"G1 phase",-0.275629384913502,-0.434569114323839
261265203,"YPL095C","EEB1",NA,"dma4825","Vph1_R1_Plate13",6,2,485,24,"G1 phase",-0.995611144105895,-1.05520385134205
261265204,"YPL095C","EEB1",NA,"dma4825","Vph1_R1_Plate13",6,2,485,25,"G1 phase",0.253881009413177,0.00139898959618315
261265205,"YPL095C","EEB1",NA,"dma4825","Vph1_R1_Plate13",6,2,485,26,"G1 phase",0.486256074549346,0.210199130052872
261265206,"YPL095C","EEB1",NA,"dma4825","Vph1_R1_Plate13",6,2,485,27,"G1 phase",0.162454754277636,0.0737995116716977
261265207,"YPL095C","EEB1",NA,"dma4825","Vph1_R1_Plate13",6,2,485,29,"G1 phase",-0.428006476806072,-0.561002335468225
261265208,"YPL095C","EEB1",NA,"dma4825","Vph1_R1_Plate13",6,2,485,30,"G1 phase",-0.33658022167053,-0.313901577531315
261265209,"YPL095C","EEB1",NA,"dma4825","Vph1_R1_Plate13",6,2,485,31,"G1 phase",-0.626096696266413,-0.818069490641925
261265210,"YPL095C","EEB1",NA,"dma4825","Vph1_R1_Plate13",6,2,485,33,"G1 phase",0.39102039211649,0.995567705695686
261265211,"YPL095C","EEB1",NA,"dma4825","Vph1_R1_Plate13",6,2,485,34,"G1 phase",1.43861289887791,1.75260206109507
261265212,"YPL095C","EEB1",NA,"dma4825","Vph1_R1_Plate13",6,2,485,35,"G1 phase",1.2481415340122,0.957267088215466
261265213,"YPL095C","EEB1",NA,"dma4825","Vph1_R1_Plate13",6,2,485,36,"G1 phase",0.181501890764207,0.7539855313527
261265214,"YPL095C","EEB1",NA,"dma4825","Vph1_R1_Plate13",6,2,485,37,"G1 phase",0.432924092386947,0.147765005214147
261265215,"YPL095C","EEB1",NA,"dma4825","Vph1_R1_Plate13",6,2,485,38,"G1 phase",0.0024588077904373,0.352117332027972
261265216,"YPL095C","EEB1",NA,"dma4825","Vph1_R1_Plate13",6,2,485,39,"G1 phase",3.00047809077675,2.21270367237359
261265217,"YPL095C","EEB1",NA,"dma4825","Vph1_R1_Plate13",6,2,485,40,"G1 phase",-0.805139779240183,-0.996970439388248
261265218,"YPL095C","EEB1",NA,"dma4825","Vph1_R1_Plate13",6,2,485,41,"G1 phase",-0.885137752483782,-1.05520385134205
261265219,"YPL095C","EEB1",NA,"dma4825","Vph1_R1_Plate13",6,2,485,42,"G1 phase",2.04050241185356,2.25388713202974
261265220,"YPL095C","EEB1",NA,"dma4825","Vph1_R1_Plate13",6,2,485,43,"G1 phase",0.764344267253286,0.776801168002208
261265221,"YPL095C","EEB1",NA,"dma4825","Vph1_R1_Plate13",6,2,485,44,"G1 phase",-0.222297402751103,-0.410435606965334
261265222,"YPL095C","EEB1",NA,"dma4825","Vph1_R1_Plate13",6,2,485,45,"G1 phase",-0.881328325186467,-1.06517024857884
261265223,"YPL095C","EEB1",NA,"dma4825","Vph1_R1_Plate13",6,2,485,46,"G1 phase",0.413876955900376,0.161932115335862
261265224,"YPL095C","EEB1",NA,"dma4825","Vph1_R1_Plate13",6,2,485,47,"G1 phase",-0.0889674473451046,-0.269835275699232
261265225,"YPL095C","EEB1",NA,"dma4825","Vph1_R1_Plate13",6,2,485,48,"G1 phase",1.81574620131202,1.53383552340159
261265226,"YPL095C","EEB1",NA,"dma4825","Vph1_R1_Plate13",6,2,485,49,"G1 phase",0.109122772115236,0.01844894189383
261265227,"YPL095C","EEB1",NA,"dma4825","Vph1_R1_Plate13",6,2,485,51,"G1 phase",-0.538479868428185,-0.606386508009304
261265228,"YPL095C","EEB1",NA,"dma4825","Vph1_R1_Plate13",6,2,485,52,"G1 phase",-0.881328325186467,-0.883386457656581
261265229,"YPL095C","EEB1",NA,"dma4825","Vph1_R1_Plate13",6,2,485,53,"G1 phase",-0.36324621275173,-0.293968783057737
261265230,"YPL095C","EEB1",NA,"dma4825","Vph1_R1_Plate13",6,2,485,55,"G1 phase",0.208167881845406,0.0554316886650541
261265231,"YPL095C","EEB1",NA,"dma4825","Vph1_R1_Plate13",6,2,485,56,"G1 phase",-0.245153966534989,-0.279801672936021
261265232,"YPL095C","EEB1",NA,"dma4825","Vph1_R1_Plate13",6,2,485,57,"G1 phase",-0.397531058427558,-0.413318449141265
261265233,"YPL095C","EEB1",NA,"dma4825","Vph1_R1_Plate13",6,2,485,58,"G1 phase",-0.820377488429439,-1.03107034398354
261265234,"YPL095C","EEB1",NA,"dma4825","Vph1_R1_Plate13",6,2,485,59,"G1 phase",0.0405530807635798,0.0142482290089042
261265235,"YPL095C","EEB1",NA,"dma4825","Vph1_R1_Plate13",6,2,485,60,"G1 phase",-0.656572114644927,-0.204518308684576
261265236,"YPL095C","EEB1",NA,"dma4825","Vph1_R1_Plate13",6,2,485,61,"G1 phase",-0.980373434916638,-1.17167067524964
261265237,"YPL095C","EEB1",NA,"dma4825","Vph1_R1_Plate13",6,2,485,62,"G1 phase",-1.33465017356686,-1.39043721294312
261265238,"YPL095C","EEB1",NA,"dma4825","Vph1_R1_Plate13",6,2,485,63,"G1 phase",-0.0242071832907624,-0.00280172328874449
261265239,"YPL095C","EEB1",NA,"dma4825","Vph1_R1_Plate13",6,2,485,64,"G1 phase",0.250071582115863,0.491399792585076
261265240,"YPL095C","EEB1",NA,"dma4825","Vph1_R1_Plate13",6,2,485,65,"G1 phase",0.935768495632427,0.436049222807209
261265241,"YPL095C","EEB1",NA,"dma4825","Vph1_R1_Plate13",6,2,485,66,"G1 phase",-0.751807797077783,-0.48571897121678
261265242,"YPL095C","EEB1",NA,"dma4825","Vph1_R1_Plate13",6,2,485,67,"G1 phase",-0.91942259815961,-0.879185744771654
261265243,"YPL095C","EEB1",NA,"dma4825","Vph1_R1_Plate13",6,2,485,68,"G1 phase",-0.271819957616188,-0.245701768340727
261265244,"YPL095C","EEB1",NA,"dma4825","Vph1_R1_Plate13",6,2,485,69,"G1 phase",-1.23179563653938,-1.39463792582805
261265245,"YPL095C","EEB1",NA,"dma4825","Vph1_R1_Plate13",6,2,485,70,"G1 phase",-0.00896947410150543,0.203115574992014
261265246,"YPL095C","EEB1",NA,"dma4825","Vph1_R1_Plate13",6,2,485,71,"G1 phase",-0.180393702480646,-0.444535511560628
261265247,"YPL095C","EEB1",NA,"dma4825","Vph1_R1_Plate13",6,2,485,72,"G1 phase",-0.176584275183332,-0.0298180728231797
261265248,"YPL095C","EEB1",NA,"dma4825","Vph1_R1_Plate13",6,2,485,73,"G1 phase",-0.0394448924800194,-0.0809679297161203
261265249,"YPL095C","EEB1",NA,"dma4825","Vph1_R1_Plate13",6,2,485,74,"G1 phase",-1.47178955627018,-1.6928885406579
261265250,"YPL095C","EEB1",NA,"dma4825","Vph1_R1_Plate13",6,2,485,75,"G1 phase",1.7052728096899,2.30083627603775
261265251,"YPL095C","EEB1",NA,"dma4825","Vph1_R1_Plate13",6,2,485,76,"G1 phase",-0.633715550861042,-0.822270203526851
261265252,"YPL095C","EEB1",NA,"dma4825","Vph1_R1_Plate13",6,2,485,77,"G1 phase",0.512922065630546,0.127832210740569
261265253,"YPL095C","EEB1",NA,"dma4825","Vph1_R1_Plate13",6,2,485,78,"G1 phase",-1.48321783816212,-1.50402119467479
261265254,"YPL095C","EEB1",NA,"dma4825","Vph1_R1_Plate13",6,2,485,79,"G1 phase",0.0710284991420937,0.124949368564638
261265255,"YPL095C","EEB1",NA,"dma4825","Vph1_R1_Plate13",6,2,485,80,"G1 phase",0.189120745358835,-0.0327009149991106
261265256,"YPL095C","EEB1",NA,"dma4825","Vph1_R1_Plate13",6,2,485,81,"G1 phase",-1.3994104376212,-1.29102034133317
261265257,"YPL095C","EEB1",NA,"dma4825","Vph1_R1_Plate13",6,2,485,82,"G1 phase",-0.367055640049044,-0.27691883076009
261265258,"YPL095C","EEB1",NA,"dma4825","Vph1_R1_Plate13",6,2,485,83,"G1 phase",0.859579949686142,0.518416142119513
261265259,"YPL095C","EEB1",NA,"dma4825","Vph1_R1_Plate13",6,2,485,84,"G1 phase",0.7681536945506,0.536783965126156
261265260,"YPL095C","EEB1",NA,"dma4825","Vph1_R1_Plate13",6,2,485,85,"G1 phase",-1.09846568113338,-1.28813749915724
261265261,"YPL095C","EEB1",NA,"dma4825","Vph1_R1_Plate13",6,2,485,86,"G1 phase",0.31864127346752,0.22724908235052
261265262,"YPL095C","EEB1",NA,"dma4825","Vph1_R1_Plate13",6,2,485,87,"G1 phase",-0.736570087888526,-0.88050361548065
261265263,"YPL095C","EEB1",NA,"dma4825","Vph1_R1_Plate13",6,2,485,88,"G1 phase",0.501493783738603,0.151965718099074
261265264,"YPL095C","EEB1",NA,"dma4825","Vph1_R1_Plate13",6,2,485,89,"G1 phase",-0.157537138696761,-0.318102290416242
261265265,"YPL095C","EEB1",NA,"dma4825","Vph1_R1_Plate13",6,2,485,90,"G1 phase",-0.428006476806072,-0.42171987491112
261265266,"YPL095C","EEB1",NA,"dma4825","Vph1_R1_Plate13",6,2,485,91,"G1 phase",-1.10608453572801,-1.24983688167702
261265267,"YPL095C","EEB1",NA,"dma4825","Vph1_R1_Plate13",6,2,485,92,"G1 phase",-0.687047533023441,-0.832236600763641
261265268,"YPL095C","EEB1",NA,"dma4825","Vph1_R1_Plate13",6,2,485,93,"G1 phase",-0.5422892957255,-0.701602666734327
261265269,"YPL095C","EEB1",NA,"dma4825","Vph1_R1_Plate13",6,2,485,94,"G1 phase",-0.302295375994702,-0.386302099606829
261265270,"YPL095C","EEB1",NA,"dma4825","Vph1_R1_Plate13",6,2,485,95,"G1 phase",-0.142299429507504,-0.279801672936021
261265271,"YPL095C","EEB1",NA,"dma4825","Vph1_R1_Plate13",6,2,485,96,"G1 phase",0.638633166441916,1.37906808201377
261265272,"YPL095C","EEB1",NA,"dma4825","Vph1_R1_Plate13",6,2,485,98,"G1 phase",-1.13655995410652,-1.33640451387425
261265273,"YPL095C","EEB1",NA,"dma4825","Vph1_R1_Plate13",6,2,485,99,"G1 phase",-0.146108856804818,-0.279801672936021
261265274,"YPL095C","EEB1",NA,"dma4825","Vph1_R1_Plate13",6,2,485,101,"G1 phase",0.566254047792946,0.910317944207452
261265275,"YPL095C","EEB1",NA,"dma4825","Vph1_R1_Plate13",6,2,485,103,"G1 phase",-0.218487975453789,0.220165527289661
261265276,"YPL095C","EEB1",NA,"dma4825","Vph1_R1_Plate13",6,2,485,104,"G1 phase",-0.134680574912875,-0.328068687653031
261265277,"YPL095C","EEB1",NA,"dma4825","Vph1_R1_Plate13",6,2,485,105,"G1 phase",-1.00322999870052,-1.08510304305241
261265278,"YPL095C","EEB1",NA,"dma4825","Vph1_R1_Plate13",6,2,485,106,"G1 phase",-0.904184888970353,-0.996970439388248
261265279,"YPL095C","EEB1",NA,"dma4825","Vph1_R1_Plate13",6,2,485,107,"G1 phase",-1.22417678194475,-1.32223740375253
261265280,"YPL095C","EEB1",NA,"dma4825","Vph1_R1_Plate13",6,2,485,109,"G1 phase",-0.439434758698015,-0.42460271708705
261265281,"YPL095C","EEB1",NA,"dma4825","Vph1_R1_Plate13",6,2,485,110,"G1 phase",-0.260391675724246,-0.502768923514427
261265282,"YPL095C","EEB1",NA,"dma4825","Vph1_R1_Plate13",6,2,485,111,"G1 phase",0.482446647252032,0.282599652128387
261265283,"YPL095C","EEB1",NA,"dma4825","Vph1_R1_Plate13",6,2,485,112,"G1 phase",0.211977309142721,0.147765005214147
261265284,"YPL095C","EEB1",NA,"dma4825","Vph1_R1_Plate13",6,2,485,113,"G1 phase",-0.33658022167053,-0.561002335468225
261265285,"YPL095C","EEB1",NA,"dma4825","Vph1_R1_Plate13",6,2,485,114,"G1 phase",0.0481719353582082,-0.105101437074625
261265286,"YPL095C","EEB1",NA,"dma4825","Vph1_R1_Plate13",6,2,485,115,"G1 phase",0.0215059442770085,0.178982067633509
261265287,"YPL095C","EEB1",NA,"dma4825","Vph1_R1_Plate13",6,2,485,116,"G1 phase",-0.949898016538124,-0.999853281564179
261265288,"YPL095C","EEB1",NA,"dma4825","Vph1_R1_Plate13",6,2,485,117,"G1 phase",0.375782682927233,0.319582398899611
261265289,"YPL095C","EEB1",NA,"dma4825","Vph1_R1_Plate13",6,2,485,118,"G1 phase",0.044362508060894,-0.0809679297161203
261265290,"YPL095C","EEB1",NA,"dma4825","Vph1_R1_Plate13",6,2,485,121,"G1 phase",1.09957386941694,0.563800314660592
261265291,"YPL095C","EEB1",NA,"dma4825","Vph1_R1_Plate13",6,2,485,122,"G1 phase",-0.904184888970353,-0.890470012717439
261265292,"YPL095C","EEB1",NA,"dma4825","Vph1_R1_Plate13",6,2,485,123,"G1 phase",-0.161346565994075,-0.0426673122358995
261265293,"YPL095C","EEB1",NA,"dma4825","Vph1_R1_Plate13",6,2,485,124,"G1 phase",-0.74037951518584,-0.808103093405136
261265294,"YPL095C","EEB1",NA,"dma4825","Vph1_R1_Plate13",6,2,485,125,"G1 phase",0.368163828332605,0.292566049365176
261265295,"YPL095C","EEB1",NA,"dma4825","Vph1_R1_Plate13",6,2,485,126,"S/G2 phase",1.43480347158059,1.44726789120436
261265296,"YPL095C","EEB1",NA,"dma4825","Vph1_R1_Plate13",6,2,485,127,"G1 phase",-0.355627358157102,-0.444535511560628
261265297,"YPL095C","EEB1",NA,"dma4825","Vph1_R1_Plate13",6,2,485,129,"G1 phase",0.474827792657404,0.63488296602711
261265298,"YPL095C","EEB1",NA,"dma4825","Vph1_R1_Plate13",6,2,485,130,"G1 phase",0.509112638333232,0.286800365013315
261265299,"YPL095C","EEB1",NA,"dma4825","Vph1_R1_Plate13",6,2,485,131,"G1 phase",0.162454754277636,0.0625152437259121
261265300,"YPL095C","EEB1",NA,"dma4825","Vph1_R1_Plate13",6,2,485,132,"G1 phase",0.124360481304493,0.141999320862285
261265301,"YPL095C","EEB1",NA,"dma4825","Vph1_R1_Plate13",6,2,485,133,"G1 phase",0.0329342261689513,0.132032923625496
261265302,"YPL095C","EEB1",NA,"dma4825","Vph1_R1_Plate13",6,2,485,134,"G1 phase",0.688155721307001,0.292566049365177
261265303,"YPL095C","EEB1",NA,"dma4825","Vph1_R1_Plate13",6,2,485,135,"G1 phase",-0.420387622211444,-0.546835225346509
261265304,"YPL095C","EEB1",NA,"dma4825","Vph1_R1_Plate13",6,2,485,136,"G1 phase",0.284356427791691,0.151965718099075
261265305,"YPL095C","EEB1",NA,"dma4825","Vph1_R1_Plate13",6,2,485,137,"G1 phase",-0.778473788158983,-0.972836932029743
261265306,"YPL095C","EEB1",NA,"dma4825","Vph1_R1_Plate13",6,2,485,138,"G1 phase",0.486256074549346,0.255583302593952
261265307,"YPL095C","EEB1",NA,"dma4825","Vph1_R1_Plate13",6,2,485,139,"G1 phase",0.19293017265615,-0.0951350398378357
261265308,"YPL095C","EEB1",NA,"dma4825","Vph1_R1_Plate13",6,2,485,140,"G1 phase",0.147217045088379,0.0525488464891238
261265309,"YPL095C","EEB1",NA,"dma4825","Vph1_R1_Plate13",6,2,485,142,"G1 phase",0.0481719353582082,0.374932968677479
261265310,"YPL095C","EEB1",NA,"dma4825","Vph1_R1_Plate13",6,2,485,143,"G1 phase",0.11293219941255,-0.153368451791635
261265311,"YPL095C","EEB1",NA,"dma4825","Vph1_R1_Plate13",6,2,485,144,"G1 phase",0.726249994280144,0.52549969718037
261265312,"YPL095C","EEB1",NA,"dma4825","Vph1_R1_Plate13",6,2,485,145,"G1 phase",0.581491756982202,0.467266285226572
261265313,"YPL095C","EEB1",NA,"dma4825","Vph1_R1_Plate13",6,2,485,146,"G1 phase",-0.831805770321382,-0.982803329266532
261265314,"YPL095C","EEB1",NA,"dma4825","Vph1_R1_Plate13",6,2,485,148,"G1 phase",-0.233725684643046,-0.16465271973742
261265315,"YPL095C","EEB1",NA,"dma4825","Vph1_R1_Plate13",6,2,485,149,"G1 phase",0.954815632118998,1.2085685590373
261265316,"YPL095C","EEB1",NA,"dma4825","Vph1_R1_Plate13",6,2,485,150,"G1 phase",0.806247967523743,0.595017377079955
261265317,"YPL095C","EEB1",NA,"dma4825","Vph1_R1_Plate13",6,2,485,151,"G1 phase",0.059600217250151,0.0454652914282652
261265318,"YPL095C","EEB1",NA,"dma4825","Vph1_R1_Plate13",6,2,485,152,"G1 phase",-0.915613170862296,-1.02110394674675
261265319,"YPL095C","EEB1",NA,"dma4825","Vph1_R1_Plate13",6,2,485,153,"G1 phase",-0.11182401112899,-0.303935180294526
261265320,"YPL095C","EEB1",NA,"dma4825","Vph1_R1_Plate13",6,2,485,154,"G1 phase",0.234833872926606,0.0554316886650541
261265321,"YPL095C","EEB1",NA,"dma4825","Vph1_R1_Plate13",6,2,485,155,"G1 phase",0.970053341308255,1.13616803696179
261265322,"YPL095C","EEB1",NA,"dma4825","Vph1_R1_Plate13",6,2,485,156,"G1 phase",-0.995611144105895,-1.17167067524964
261265323,"YPL095C","EEB1",NA,"dma4825","Vph1_R1_Plate13",6,2,485,157,"G1 phase",-0.13849000221019,-0.279801672936021
261265324,"YPL095C","EEB1",NA,"dma4825","Vph1_R1_Plate13",6,2,485,158,"G1 phase",0.832913958604943,0.409032873272774
261265325,"YPL095C","EEB1",NA,"dma4825","Vph1_R1_Plate13",6,2,485,159,"G1 phase",0.375782682927233,-0.0127681205255328
261265326,"YPL095C","EEB1",NA,"dma4825","Vph1_R1_Plate13",6,2,485,160,"G1 phase",0.951006204821684,1.00553410293248
261265327,"YPL095C","EEB1",NA,"dma4825","Vph1_R1_Plate13",6,2,485,161,"G1 phase",-0.306104803292017,-0.502768923514427
261265328,"YPL095C","EEB1",NA,"dma4825","Vph1_R1_Plate13",6,2,485,162,"G1 phase",-0.732760660591212,-0.781086743870699
261265329,"YPL095C","EEB1",NA,"dma4825","Vph1_R1_Plate13",6,2,485,164,"G1 phase",-0.370865067346359,-0.468669018919133
261265330,"YPL095C","EEB1",NA,"dma4825","Vph1_R1_Plate13",6,2,485,165,"G1 phase",-0.530861013833557,-0.420402004202123
261265331,"YPL095C","EEB1",NA,"dma4825","Vph1_R1_Plate13",6,2,485,166,"G1 phase",-0.184203129777961,-0.00568456546467483
261265332,"YPL095C","EEB1",NA,"dma4825","Vph1_R1_Plate13",6,2,485,167,"G1 phase",-1.02989598978172,-1.19580418260815
261265333,"YPL095C","EEB1",NA,"dma4825","Vph1_R1_Plate13",6,2,485,168,"G1 phase",-1.01465828059247,-1.07225380363969
261265334,"YPL095C","EEB1",NA,"dma4825","Vph1_R1_Plate13",6,2,485,169,"G1 phase",-0.500385595455043,-0.471551861095063
261265335,"YPL095C","EEB1",NA,"dma4825","Vph1_R1_Plate13",6,2,485,170,"G1 phase",-1.07941854464681,-1.25403759456195
261265336,"YPL095C","EEB1",NA,"dma4825","Vph1_R1_Plate13",6,2,485,171,"G1 phase",-0.835615197618697,-0.982803329266531
261265337,"YPL095C","EEB1",NA,"dma4825","Vph1_R1_Plate13",6,2,485,172,"G1 phase",0.337688409954091,0.295448891541107
261265338,"YPL095C","EEB1",NA,"dma4825","Vph1_R1_Plate13",6,2,485,173,"G1 phase",0.311022418872891,0.180299938342506
261265339,"YPL095C","EEB1",NA,"dma4825","Vph1_R1_Plate13",6,2,485,174,"G1 phase",0.234833872926606,0.690233535804977
261265340,"YPL095C","EEB1",NA,"dma4825","Vph1_R1_Plate13",6,2,485,175,"G1 phase",-0.26420110302156,-0.410435606965334
261265341,"YPL095C","EEB1",NA,"dma4825","Vph1_R1_Plate13",6,2,485,176,"G1 phase",0.0634096445474652,-0.115067834311414
261265342,"YPL095C","EEB1",NA,"dma4825","Vph1_R1_Plate13",6,2,485,177,"G1 phase",-0.694666387618069,-0.637603570428667
261265343,"YPL095C","EEB1",NA,"dma4825","Vph1_R1_Plate13",6,2,485,178,"G1 phase",0.189120745358835,0.079565196023559
261265344,"YPL095C","EEB1",NA,"dma4825","Vph1_R1_Plate13",6,2,485,179,"G1 phase",0.741487703469401,1.20436784615238
261265345,"YPL095C","EEB1",NA,"dma4825","Vph1_R1_Plate13",6,2,485,181,"G1 phase",-1.39179158302658,-1.42585498824741
261265346,"YPL095C","EEB1",NA,"dma4825","Vph1_R1_Plate13",6,2,485,182,"G1 phase",1.38909034401282,1.28253405257975
261265347,"YPL095C","EEB1",NA,"dma4825","Vph1_R1_Plate13",6,2,485,183,"G1 phase",-0.0699203108585333,-0.201635466508645
261265348,"YPL095C","EEB1",NA,"dma4825","Vph1_R1_Plate13",6,2,485,184,"G1 phase",-0.801330351942868,-0.982803329266532
261265349,"YPL095C","EEB1",NA,"dma4825","Vph1_R1_Plate13",6,2,485,186,"G1 phase",0.600538893468774,1.42733509673078
261265350,"YPL095C","EEB1",NA,"dma4825","Vph1_R1_Plate13",6,2,485,187,"G1 phase",-1.28131819140446,-1.50113835249886
261265351,"YPL095C","EEB1",NA,"dma4825","Vph1_R1_Plate13",6,2,485,188,"G1 phase",-1.04513369897098,-0.650452809841386
261265352,"YPL095C","EEB1",NA,"dma4825","Vph1_R1_Plate13",6,2,485,189,"G1 phase",-1.21655792735012,-1.28105394409638
261265353,"YPL095C","EEB1",NA,"dma4825","Vph1_R1_Plate13",6,2,485,190,"G1 phase",2.89000469915463,2.5421713496228
261265354,"YPL095C","EEB1",NA,"dma4825","Vph1_R1_Plate13",6,2,485,191,"G1 phase",1.41956576239134,1.65030234730918
261265355,"YPL095C","EEB1",NA,"dma4825","Vph1_R1_Plate13",6,2,485,192,"G1 phase",0.276737573197063,0.436049222807209
261265356,"YPL095C","EEB1",NA,"dma4825","Vph1_R1_Plate13",6,2,485,193,"G1 phase",0.592920038874145,0.389100078799196
261265357,"YPL095C","EEB1",NA,"dma4825","Vph1_R1_Plate13",6,2,485,194,"G1 phase",3.12999861888543,3.39153902157127
261265358,"YPL095C","EEB1",NA,"dma4825","Vph1_R1_Plate13",6,2,485,195,"G1 phase",-1.02989598978172,-1.25403759456195
261265359,"YPL095C","EEB1",NA,"dma4825","Vph1_R1_Plate13",6,2,485,196,"G1 phase",2.28049633158436,1.65030234730919
261265360,"YPL095C","EEB1",NA,"dma4825","Vph1_R1_Plate13",6,2,485,197,"G1 phase",-0.477529031671158,-0.516936033636143
261265361,"YPL095C","EEB1",NA,"dma4825","Vph1_R1_Plate13",6,2,485,198,"G1 phase",-0.218487975453789,-0.376335702370041
261265362,"YPL095C","EEB1",NA,"dma4825","Vph1_R1_Plate13",6,2,485,200,"G1 phase",0.314831846170205,0.0695987987867707
261265363,"YPL095C","EEB1",NA,"dma4825","Vph1_R1_Plate13",6,2,485,201,"G1 phase",0.105313344817922,-0.0951350398378363
261265364,"YPL095C","EEB1",NA,"dma4825","Vph1_R1_Plate13",6,2,485,202,"G1 phase",-1.11751281761995,-1.28813749915724
261265365,"YPL095C","EEB1",NA,"dma4825","Vph1_R1_Plate13",6,2,485,203,"G1 phase",0.756725412658658,0.399066476035985
261265366,"YPL095C","EEB1",NA,"dma4825","Vph1_R1_Plate13",6,2,485,204,"G1 phase",0.0862662083313507,-0.211601863745434
261265367,"YPL095C","EEB1",NA,"dma4825","Vph1_R1_Plate13",6,2,485,205,"G1 phase",-0.915613170862296,-1.08930375593734
261265368,"YPL095C","EEB1",NA,"dma4825","Vph1_R1_Plate13",6,2,485,206,"G1 phase",-0.820377488429439,-0.982803329266532
261265369,"YPL095C","EEB1",NA,"dma4825","Vph1_R1_Plate13",6,2,485,207,"G1 phase",-1.39179158302658,-1.39175508365212
261265370,"YPL095C","EEB1",NA,"dma4825","Vph1_R1_Plate13",6,2,485,209,"G1 phase",1.15290585157934,0.826633154186153
261265371,"YPL095C","EEB1",NA,"dma4825","Vph1_R1_Plate13",6,2,485,210,"G1 phase",0.375782682927233,0.132032923625496
261265372,"YPL095C","EEB1",NA,"dma4825","Vph1_R1_Plate13",6,2,485,211,"G1 phase",-0.0546826016692764,-0.255668165577516
261265373,"YPL095C","EEB1",NA,"dma4825","Vph1_R1_Plate13",6,2,485,212,"G1 phase",0.0900756356286649,0.2143998429378
261265374,"YPL095C","EEB1",NA,"dma4825","Vph1_R1_Plate13",6,2,485,214,"G1 phase",-0.778473788158983,-0.938737027434448
261265375,"YPL095C","EEB1",NA,"dma4825","Vph1_R1_Plate13",6,2,485,215,"G1 phase",-0.115633438426304,-0.00988527834960247
261265376,"YPL095C","EEB1",NA,"dma4825","Vph1_R1_Plate13",6,2,485,216,"G1 phase",-0.41657819491413,-0.221568260982222
261265377,"YPL095C","EEB1",NA,"dma4825","Vph1_R1_Plate13",6,2,485,217,"G1 phase",-0.599430705185213,-0.677469159375823
261265378,"YPL095C","EEB1",NA,"dma4825","Vph1_R1_Plate13",6,2,485,218,"G1 phase",0.874817658875399,0.636200836736106
261265379,"YPL095C","EEB1",NA,"dma4825","Vph1_R1_Plate13",6,2,485,220,"G1 phase",-0.709904096807326,-0.701602666734327
261265380,"YPL095C","EEB1",NA,"dma4825","Vph1_R1_Plate13",6,2,485,221,"G1 phase",0.0481719353582082,0.200232732816085
261265381,"YPL095C","EEB1",NA,"dma4825","Vph1_R1_Plate13",6,2,485,222,"G1 phase",-0.984182862213952,-0.962870534792953
261265382,"YPL095C","EEB1",NA,"dma4825","Vph1_R1_Plate13",6,2,485,223,"G1 phase",-0.268010530318874,-0.349319352835605
261265383,"YPL095C","EEB1",NA,"dma4825","Vph1_R1_Plate13",6,2,485,224,"G1 phase",0.471018365360089,0.265549699830741
261265384,"YPL095C","EEB1",NA,"dma4825","Vph1_R1_Plate13",6,2,485,225,"G1 phase",-0.218487975453789,-0.279801672936021
261265385,"YPL095C","EEB1",NA,"dma4825","Vph1_R1_Plate13",6,2,485,226,"G1 phase",0.181501890764207,0.580850266958239
261265386,"YPL095C","EEB1",NA,"dma4825","Vph1_R1_Plate13",6,2,485,227,"G1 phase",-0.519432731941614,-0.715769776856043
261265387,"YPL095C","EEB1",NA,"dma4825","Vph1_R1_Plate13",6,2,485,228,"G1 phase",-0.534670441130871,-0.370570018018179
261265389,"YPL095C","EEB1",NA,"dma4825","Vph1_R1_Plate13",6,2,485,230,"G1 phase",-0.233725684643046,-0.434569114323839
261265390,"YPL095C","EEB1",NA,"dma4825","Vph1_R1_Plate13",6,2,485,231,"G1 phase",-1.21274850005281,-1.20997129272986
261265391,"YPL095C","EEB1",NA,"dma4825","Vph1_R1_Plate13",6,2,485,232,"G1 phase",-1.36512559194538,-1.60343806628474
261265392,"YPL095C","EEB1",NA,"dma4825","Vph1_R1_Plate13",6,2,485,233,"G1 phase",-0.00135061950687694,0.0113653868329721
261265393,"YPL095C","EEB1",NA,"dma4825","Vph1_R1_Plate13",6,2,485,234,"G1 phase",-1.46417070167555,-1.71990489019234
261265394,"YPL095C","EEB1",NA,"dma4825","Vph1_R1_Plate13",6,2,485,235,"G1 phase",0.939577922929742,1.46143500132607
261265395,"YPL095C","EEB1",NA,"dma4825","Vph1_R1_Plate13",6,2,485,236,"G1 phase",-1.23179563653938,-0.982803329266532
261265396,"YPL095C","EEB1",NA,"dma4825","Vph1_R1_Plate13",6,2,485,237,"G1 phase",-1.28131819140446,-1.37050441846954
261265397,"YPL095C","EEB1",NA,"dma4825","Vph1_R1_Plate13",6,2,485,238,"G1 phase",0.0938850629259792,0.0213317840697604
261265398,"YPL095C","EEB1",NA,"dma4825","Vph1_R1_Plate13",6,2,485,239,"G1 phase",-0.763236078969726,-0.982803329266532
261265399,"YPL095C","EEB1",NA,"dma4825","Vph1_R1_Plate13",6,2,485,240,"G1 phase",-0.839424624916011,-1.05520385134205
261265401,"YPL095C","EEB1",NA,"dma4825","Vph1_R1_Plate13",6,2,485,242,"G1 phase",0.223405591034663,0.161932115335864
261265403,"YPL095C","EEB1",NA,"dma4825","Vph1_R1_Plate13",6,2,485,244,"G1 phase",-0.0661108835612191,-0.201635466508645
261265404,"YPL095C","EEB1",NA,"dma4825","Vph1_R1_Plate13",6,2,486,1,"G1 phase",-1.27750876410715,-1.48697124237714
261265405,"YPL095C","EEB1",NA,"dma4825","Vph1_R1_Plate13",6,2,486,2,"G1 phase",-0.656572114644927,-0.84220299800043
261265407,"YPL095C","EEB1",NA,"dma4825","Vph1_R1_Plate13",6,2,486,4,"G1 phase",-1.35369731005343,-1.54520465433094
261265408,"YPL095C","EEB1",NA,"dma4825","Vph1_R1_Plate13",6,2,486,5,"G1 phase",-0.629906123563727,-0.647569967665456
261265409,"YPL095C","EEB1",NA,"dma4825","Vph1_R1_Plate13",6,2,486,6,"G1 phase",-0.401340485724873,-0.609269350185235
261265410,"YPL095C","EEB1",NA,"dma4825","Vph1_R1_Plate13",6,2,486,7,"G1 phase",0.619586029955345,0.151965718099074
261265411,"YPL095C","EEB1",NA,"dma4825","Vph1_R1_Plate13",6,2,486,9,"G1 phase",0.41768638319769,0.390665050266131
261265412,"YPL095C","EEB1",NA,"dma4825","Vph1_R1_Plate13",6,2,486,10,"G1 phase",-0.0203977559934482,-0.12923494443313
261265413,"YPL095C","EEB1",NA,"dma4825","Vph1_R1_Plate13",6,2,486,11,"G1 phase",-0.4889573135631,-0.543952383170578
261265414,"YPL095C","EEB1",NA,"dma4825","Vph1_R1_Plate13",6,2,486,12,"G1 phase",-1.07560911734949,-1.20577057984494
261265415,"YPL095C","EEB1",NA,"dma4825","Vph1_R1_Plate13",6,2,486,13,"G1 phase",1.23671325212025,1.35205173247934
261265417,"YPL095C","EEB1",NA,"dma4825","Vph1_R1_Plate13",6,2,486,15,"G1 phase",-1.04894312626829,-1.16458712018879
261265418,"YPL095C","EEB1",NA,"dma4825","Vph1_R1_Plate13",6,2,486,16,"G1 phase",0.509112638333232,1.41736869949399
261265419,"YPL095C","EEB1",NA,"dma4825","Vph1_R1_Plate13",6,2,486,17,"G1 phase",-0.370865067346359,-0.468669018919133
261265420,"YPL095C","EEB1",NA,"dma4825","Vph1_R1_Plate13",6,2,486,18,"G1 phase",-0.652762687347613,-0.774003188809841
261265421,"YPL095C","EEB1",NA,"dma4825","Vph1_R1_Plate13",6,2,486,19,"G1 phase",-1.01846770788978,-0.992769726503321
261265422,"YPL095C","EEB1",NA,"dma4825","Vph1_R1_Plate13",6,2,486,20,"G1 phase",0.0367436534662655,0.117865813503781
261265423,"YPL095C","EEB1",NA,"dma4825","Vph1_R1_Plate13",6,2,486,21,"G1 phase",-1.02227713518709,-1.05808669351798
261265424,"YPL095C","EEB1",NA,"dma4825","Vph1_R1_Plate13",6,2,486,22,"G1 phase",-0.214678548156475,0.0554316886650541
261265425,"YPL095C","EEB1",NA,"dma4825","Vph1_R1_Plate13",6,2,486,23,"G1 phase",1.54527686320271,1.12200092684007
261265426,"YPL095C","EEB1",NA,"dma4825","Vph1_R1_Plate13",6,2,486,24,"G1 phase",0.173883036169578,-0.0227345177623217
261265427,"YPL095C","EEB1",NA,"dma4825","Vph1_R1_Plate13",6,2,486,25,"G1 phase",-0.907994316267667,-1.01690323386182
261265428,"YPL095C","EEB1",NA,"dma4825","Vph1_R1_Plate13",6,2,486,26,"G1 phase",0.699584003198944,0.340833064082186
261265429,"YPL095C","EEB1",NA,"dma4825","Vph1_R1_Plate13",6,2,486,27,"G1 phase",-0.869900043294525,-1.06517024857884
261265430,"YPL095C","EEB1",NA,"dma4825","Vph1_R1_Plate13",6,2,486,28,"G1 phase",-0.751807797077783,-0.303935180294526
261265431,"YPL095C","EEB1",NA,"dma4825","Vph1_R1_Plate13",6,2,486,30,"G1 phase",-0.142299429507504,-0.201635466508645
261265432,"YPL095C","EEB1",NA,"dma4825","Vph1_R1_Plate13",6,2,486,31,"G1 phase",0.0786473537367222,-0.187468356386929
261265433,"YPL095C","EEB1",NA,"dma4825","Vph1_R1_Plate13",6,2,486,32,"G1 phase",-0.770854933564354,-0.73281972915369
261265434,"YPL095C","EEB1",NA,"dma4825","Vph1_R1_Plate13",6,2,486,33,"G1 phase",-1.22036735464744,-1.31227100651575
261265435,"YPL095C","EEB1",NA,"dma4825","Vph1_R1_Plate13",6,2,486,34,"G1 phase",-0.607049559779842,-0.818069490641925
261265436,"YPL095C","EEB1",NA,"dma4825","Vph1_R1_Plate13",6,2,486,35,"G1 phase",-0.801330351942868,-0.818069490641925
261265437,"YPL095C","EEB1",NA,"dma4825","Vph1_R1_Plate13",6,2,486,36,"G1 phase",0.909102504551228,1.48556850868458
261265438,"YPL095C","EEB1",NA,"dma4825","Vph1_R1_Plate13",6,2,486,37,"G1 phase",0.19293017265615,0.63488296602711
261265439,"YPL095C","EEB1",NA,"dma4825","Vph1_R1_Plate13",6,2,486,38,"G1 phase",-0.511813877346986,-0.691636269497538
261265440,"YPL095C","EEB1",NA,"dma4825","Vph1_R1_Plate13",6,2,486,39,"G1 phase",-0.576574141401328,-0.570968732705014
261265441,"YPL095C","EEB1",NA,"dma4825","Vph1_R1_Plate13",6,2,486,40,"G1 phase",1.34718664374237,1.62040315559882
261265442,"YPL095C","EEB1",NA,"dma4825","Vph1_R1_Plate13",6,2,486,41,"G1 phase",-0.89275660707841,-1.04523745410526
261265443,"YPL095C","EEB1",NA,"dma4825","Vph1_R1_Plate13",6,2,486,42,"G1 phase",-0.637524978158356,-0.779768873161704
261265444,"YPL095C","EEB1",NA,"dma4825","Vph1_R1_Plate13",6,2,486,43,"G1 phase",-0.5156233046443,-0.546835225346509
261265445,"YPL095C","EEB1",NA,"dma4825","Vph1_R1_Plate13",6,2,486,44,"G1 phase",-0.447053613292643,-0.575169445589941
261265446,"YPL095C","EEB1",NA,"dma4825","Vph1_R1_Plate13",6,2,486,45,"G1 phase",0.501493783738603,0.37781581085341
261265447,"YPL095C","EEB1",NA,"dma4825","Vph1_R1_Plate13",6,2,486,46,"G1 phase",0.886245940767342,1.0097348158174
261265449,"YPL095C","EEB1",NA,"dma4825","Vph1_R1_Plate13",6,2,486,48,"G1 phase",-1.35750673735075,-1.42873783042334
261265450,"YPL095C","EEB1",NA,"dma4825","Vph1_R1_Plate13",6,2,486,49,"G1 phase",-0.595621277887899,-0.650452809841386
261265451,"YPL095C","EEB1",NA,"dma4825","Vph1_R1_Plate13",6,2,486,50,"G1 phase",0.905293077253913,0.837917422131937
261265452,"YPL095C","EEB1",NA,"dma4825","Vph1_R1_Plate13",6,2,486,51,"G1 phase",-0.492766740860414,-0.609269350185235
261265453,"YPL095C","EEB1",NA,"dma4825","Vph1_R1_Plate13",6,2,486,52,"G1 phase",-1.40702929221583,-1.53103754420922
261265454,"YPL095C","EEB1",NA,"dma4825","Vph1_R1_Plate13",6,2,486,54,"G1 phase",1.09195501482231,0.704400645926694
261265455,"YPL095C","EEB1",NA,"dma4825","Vph1_R1_Plate13",6,2,486,55,"G1 phase",0.714821712388201,0.52549969718037
261265456,"YPL095C","EEB1",NA,"dma4825","Vph1_R1_Plate13",6,2,486,57,"G1 phase",-0.629906123563727,-0.677469159375823
261265457,"YPL095C","EEB1",NA,"dma4825","Vph1_R1_Plate13",6,2,486,59,"G1 phase",0.524350347522489,0.796733962475786
261265458,"YPL095C","EEB1",NA,"dma4825","Vph1_R1_Plate13",6,2,486,60,"G1 phase",-0.504195022752357,-0.667502762139034
261265459,"YPL095C","EEB1",NA,"dma4825","Vph1_R1_Plate13",6,2,486,61,"G1 phase",-1.02608656248441,-1.06805309075477
261265460,"YPL095C","EEB1",NA,"dma4825","Vph1_R1_Plate13",6,2,486,63,"G1 phase",-0.965135725727381,-1.08930375593734
261265461,"YPL095C","EEB1",NA,"dma4825","Vph1_R1_Plate13",6,2,486,64,"G1 phase",0.394829819413805,0.329548796136401
261265462,"YPL095C","EEB1",NA,"dma4825","Vph1_R1_Plate13",6,2,486,65,"G1 phase",-0.218487975453789,-0.352202195011536
261265463,"YPL095C","EEB1",NA,"dma4825","Vph1_R1_Plate13",6,2,486,66,"G1 phase",-0.191821984372589,-0.115067834311414
261265464,"YPL095C","EEB1",NA,"dma4825","Vph1_R1_Plate13",6,2,486,67,"G1 phase",-1.62797607546006,-1.85053882422165
261265465,"YPL095C","EEB1",NA,"dma4825","Vph1_R1_Plate13",6,2,486,68,"G1 phase",-0.0813485927504761,-0.0710015324793314
261265466,"YPL095C","EEB1",NA,"dma4825","Vph1_R1_Plate13",6,2,486,69,"G1 phase",0.299594136980948,0.406150031096843
261265467,"YPL095C","EEB1",NA,"dma4825","Vph1_R1_Plate13",6,2,486,70,"G1 phase",1.60622769995973,1.39035234995956
261265468,"YPL095C","EEB1",NA,"dma4825","Vph1_R1_Plate13",6,2,486,71,"G1 phase",0.0253153715743228,-0.139201341669919
261265469,"YPL095C","EEB1",NA,"dma4825","Vph1_R1_Plate13",6,2,486,72,"G1 phase",0.749106558064029,0.687350693629047
261265470,"YPL095C","EEB1",NA,"dma4825","Vph1_R1_Plate13",6,2,486,73,"G1 phase",-1.55559695681109,-1.78233901503106
261265471,"YPL095C","EEB1",NA,"dma4825","Vph1_R1_Plate13",6,2,486,75,"G1 phase",-1.38798215572926,-1.62757157364324
261265472,"YPL095C","EEB1",NA,"dma4825","Vph1_R1_Plate13",6,2,486,76,"G1 phase",1.32052065266117,1.17315078373301
261265473,"YPL095C","EEB1",NA,"dma4825","Vph1_R1_Plate13",6,2,486,77,"G1 phase",-0.420387622211444,-0.561002335468225
261265474,"YPL095C","EEB1",NA,"dma4825","Vph1_R1_Plate13",6,2,486,78,"G1 phase",0.600538893468774,1.02390192593912
261265475,"YPL095C","EEB1",NA,"dma4825","Vph1_R1_Plate13",6,2,486,79,"G1 phase",-0.454672467887272,-0.53686882810972
261265476,"YPL095C","EEB1",NA,"dma4825","Vph1_R1_Plate13",6,2,486,80,"G1 phase",-1.23560506383669,-1.46283773501864
261265477,"YPL095C","EEB1",NA,"dma4825","Vph1_R1_Plate13",6,2,486,81,"G1 phase",-0.313723657886645,-0.526902430872932
261265478,"YPL095C","EEB1",NA,"dma4825","Vph1_R1_Plate13",6,2,486,82,"G1 phase",-0.0508731743719621,-0.211601863745434
261265479,"YPL095C","EEB1",NA,"dma4825","Vph1_R1_Plate13",6,2,486,83,"G1 phase",-0.382293349238301,-0.0510687380057542
261265480,"YPL095C","EEB1",NA,"dma4825","Vph1_R1_Plate13",6,2,486,85,"G1 phase",-0.130871147615561,-0.352202195011536
261265481,"YPL095C","EEB1",NA,"dma4825","Vph1_R1_Plate13",6,2,486,86,"G1 phase",-0.0699203108585333,0.261348986945813
261265482,"YPL095C","EEB1",NA,"dma4825","Vph1_R1_Plate13",6,2,486,87,"G1 phase",-1.15179766329578,-1.10347086605906
261265483,"YPL095C","EEB1",NA,"dma4825","Vph1_R1_Plate13",6,2,486,88,"G1 phase",-0.248963393832303,-0.12923494443313
261265484,"YPL095C","EEB1",NA,"dma4825","Vph1_R1_Plate13",6,2,486,89,"G1 phase",-0.64133440545567,-0.866336505358934
261265485,"YPL095C","EEB1",NA,"dma4825","Vph1_R1_Plate13",6,2,486,90,"G1 phase",-0.184203129777961,-0.362168592248325
261265486,"YPL095C","EEB1",NA,"dma4825","Vph1_R1_Plate13",6,2,486,91,"G1 phase",-0.321342512481273,-0.299734467409598
261265487,"YPL095C","EEB1",NA,"dma4825","Vph1_R1_Plate13",6,2,486,92,"G1 phase",-1.25465220032326,-1.39043721294312
261265488,"YPL095C","EEB1",NA,"dma4825","Vph1_R1_Plate13",6,2,486,93,"G1 phase",-1.02227713518709,-1.19580418260815
261265489,"YPL095C","EEB1",NA,"dma4825","Vph1_R1_Plate13",6,2,486,94,"G1 phase",-0.885137752483782,-0.987004042151458
261265490,"YPL095C","EEB1",NA,"dma4825","Vph1_R1_Plate13",6,2,486,95,"G1 phase",2.27668690428704,2.29795343386182
261265491,"YPL095C","EEB1",NA,"dma4825","Vph1_R1_Plate13",6,2,486,96,"G1 phase",-0.0584920289665906,0.103698703382064
261265492,"YPL095C","EEB1",NA,"dma4825","Vph1_R1_Plate13",6,2,486,98,"G1 phase",-0.0737297381558476,-0.342235797774747
261265493,"YPL095C","EEB1",NA,"dma4825","Vph1_R1_Plate13",6,2,486,99,"G1 phase",-0.561336432212071,-0.749869681451337
261265494,"YPL095C","EEB1",NA,"dma4825","Vph1_R1_Plate13",6,2,486,100,"S/G2 phase",0.0786473537367222,0.326665953960469
261265495,"YPL095C","EEB1",NA,"dma4825","Vph1_R1_Plate13",6,2,486,101,"G1 phase",-0.980373434916638,-1.17167067524964
261265496,"YPL095C","EEB1",NA,"dma4825","Vph1_R1_Plate13",6,2,486,102,"G1 phase",0.482446647252032,0.200232732816084
261265497,"YPL095C","EEB1",NA,"dma4825","Vph1_R1_Plate13",6,2,486,103,"G1 phase",-0.538479868428185,-0.647569967665456
261265498,"YPL095C","EEB1",NA,"dma4825","Vph1_R1_Plate13",6,2,486,106,"G1 phase",0.00626823508775155,-0.204518308684576
261265499,"YPL095C","EEB1",NA,"dma4825","Vph1_R1_Plate13",6,2,486,108,"G1 phase",-0.965135725727381,-0.972836932029743
261265500,"YPL095C","EEB1",NA,"dma4825","Vph1_R1_Plate13",6,2,486,109,"G1 phase",-0.477529031671158,-0.633402857543739
261265501,"YPL095C","EEB1",NA,"dma4825","Vph1_R1_Plate13",6,2,486,110,"G1 phase",0.825295104010314,1.61331960053796
261265502,"YPL095C","EEB1",NA,"dma4825","Vph1_R1_Plate13",6,2,486,111,"G1 phase",-1.27750876410715,-1.48697124237714
261265503,"YPL095C","EEB1",NA,"dma4825","Vph1_R1_Plate13",6,2,486,112,"G1 phase",0.116741626709865,1.09498457730564
261265504,"YPL095C","EEB1",NA,"dma4825","Vph1_R1_Plate13",6,2,486,113,"G1 phase",1.38147148941819,1.42445225455485
261265505,"YPL095C","EEB1",NA,"dma4825","Vph1_R1_Plate13",6,2,486,114,"G1 phase",-0.309914230589331,-0.207401150860507
261265506,"YPL095C","EEB1",NA,"dma4825","Vph1_R1_Plate13",6,2,486,116,"G1 phase",-0.496576168157729,-0.725736174092832
261265507,"YPL095C","EEB1",NA,"dma4825","Vph1_R1_Plate13",6,2,486,118,"G1 phase",-0.987992289511266,-1.11343726329584
261265508,"YPL095C","EEB1",NA,"dma4825","Vph1_R1_Plate13",6,2,486,119,"G1 phase",-0.89275660707841,-1.07933735870055
261265509,"YPL095C","EEB1",NA,"dma4825","Vph1_R1_Plate13",6,2,486,120,"G1 phase",-0.519432731941614,-0.681669872260749
261265510,"YPL095C","EEB1",NA,"dma4825","Vph1_R1_Plate13",6,2,486,121,"G1 phase",-1.38036330113463,-1.5522882093918
261265512,"YPL095C","EEB1",NA,"dma4825","Vph1_R1_Plate13",6,2,486,123,"G1 phase",-0.36324621275173,-0.543952383170578
261265513,"YPL095C","EEB1",NA,"dma4825","Vph1_R1_Plate13",6,2,486,124,"G1 phase",0.733868848874772,0.519734012828509
261265514,"YPL095C","EEB1",NA,"dma4825","Vph1_R1_Plate13",6,2,486,125,"G1 phase",0.0253153715743228,-0.105101437074625
261265516,"YPL095C","EEB1",NA,"dma4825","Vph1_R1_Plate13",6,2,486,127,"G1 phase",-1.14798823599846,-1.34637091111104
261265517,"YPL095C","EEB1",NA,"dma4825","Vph1_R1_Plate13",6,2,486,128,"G1 phase",-0.294676521400074,0.0937323061452755
261265518,"YPL095C","EEB1",NA,"dma4825","Vph1_R1_Plate13",6,2,486,129,"G1 phase",-0.382293349238301,-0.109302149959553
261265519,"YPL095C","EEB1",NA,"dma4825","Vph1_R1_Plate13",6,2,486,130,"G1 phase",-0.439434758698015,-0.592219397887588
261265520,"YPL095C","EEB1",NA,"dma4825","Vph1_R1_Plate13",6,2,486,131,"G1 phase",-1.26988990951252,-1.48697124237714
261265521,"YPL095C","EEB1",NA,"dma4825","Vph1_R1_Plate13",6,2,486,132,"G1 phase",0.39102039211649,0.203115574992014
261265522,"YPL095C","EEB1",NA,"dma4825","Vph1_R1_Plate13",6,2,486,133,"G1 phase",-0.332770794373216,-0.492802526277638
261265523,"YPL095C","EEB1",NA,"dma4825","Vph1_R1_Plate13",6,2,486,134,"G1 phase",0.901483649956599,0.423199983394489
261265524,"YPL095C","EEB1",NA,"dma4825","Vph1_R1_Plate13",6,2,486,135,"G1 phase",-0.744188942483155,-0.818069490641925
261265525,"YPL095C","EEB1",NA,"dma4825","Vph1_R1_Plate13",6,2,486,136,"G1 phase",-1.33845960086418,-1.42873783042334
261265526,"YPL095C","EEB1",NA,"dma4825","Vph1_R1_Plate13",6,2,486,137,"G1 phase",0.360544973737976,0.272633254891599
261265527,"YPL095C","EEB1",NA,"dma4825","Vph1_R1_Plate13",6,2,486,138,"G1 phase",-0.584192995995956,-0.599302952948446
261265528,"YPL095C","EEB1",NA,"dma4825","Vph1_R1_Plate13",6,2,486,140,"G1 phase",-1.28893704599909,-1.46703844790356
261265529,"YPL095C","EEB1",NA,"dma4825","Vph1_R1_Plate13",6,2,486,141,"G1 phase",-0.843234052213325,-1.02110394674675
261265530,"YPL095C","EEB1",NA,"dma4825","Vph1_R1_Plate13",6,2,486,142,"G1 phase",-0.180393702480646,-0.235735371103938
261265531,"YPL095C","EEB1",NA,"dma4825","Vph1_R1_Plate13",6,2,486,143,"G1 phase",0.493874929143975,1.08081746718392
261265532,"YPL095C","EEB1",NA,"dma4825","Vph1_R1_Plate13",6,2,486,144,"G1 phase",-0.351817930859787,-0.461585463858275
261265533,"YPL095C","EEB1",NA,"dma4825","Vph1_R1_Plate13",6,2,486,146,"G1 phase",-0.500385595455043,-0.725736174092832
261265535,"YPL095C","EEB1",NA,"dma4825","Vph1_R1_Plate13",6,2,486,148,"G1 phase",-0.199440838967218,-0.434569114323839
261265536,"YPL095C","EEB1",NA,"dma4825","Vph1_R1_Plate13",6,2,486,149,"G1 phase",2.00621756617773,2.39028675041092
261265537,"YPL095C","EEB1",NA,"dma4825","Vph1_R1_Plate13",6,2,486,150,"G1 phase",0.383401537521862,0.086648751084417
261265538,"YPL095C","EEB1",NA,"dma4825","Vph1_R1_Plate13",6,2,486,151,"G1 phase",0.688155721307001,0.690233535804977
261265539,"YPL095C","EEB1",NA,"dma4825","Vph1_R1_Plate13",6,2,486,152,"G1 phase",-0.0584920289665906,0.370732255792553
261265540,"YPL095C","EEB1",NA,"dma4825","Vph1_R1_Plate13",6,2,486,153,"G1 phase",-1.32322189167492,-1.52107114697244
261265541,"YPL095C","EEB1",NA,"dma4825","Vph1_R1_Plate13",6,2,486,154,"G1 phase",-0.0508731743719621,0.0213317840697604
261265542,"YPL095C","EEB1",NA,"dma4825","Vph1_R1_Plate13",6,2,486,155,"G1 phase",-0.538479868428185,-0.575169445589941
261265543,"YPL095C","EEB1",NA,"dma4825","Vph1_R1_Plate13",6,2,486,156,"G1 phase",0.120551054007179,-0.0369016278840383
261265544,"YPL095C","EEB1",NA,"dma4825","Vph1_R1_Plate13",6,2,486,158,"G1 phase",-0.706094669510012,-0.890470012717439
261265545,"YPL095C","EEB1",NA,"dma4825","Vph1_R1_Plate13",6,2,486,159,"G1 phase",1.14909642428202,0.796733962475786
261265546,"YPL095C","EEB1",NA,"dma4825","Vph1_R1_Plate13",6,2,486,160,"G1 phase",-0.553717577617442,-0.53686882810972
261265547,"YPL095C","EEB1",NA,"dma4825","Vph1_R1_Plate13",6,2,486,161,"G1 phase",-0.869900043294525,-1.03107034398354
261265548,"YPL095C","EEB1",NA,"dma4825","Vph1_R1_Plate13",6,2,486,162,"G1 phase",0.0786473537367222,-0.17750195915014
261265549,"YPL095C","EEB1",NA,"dma4825","Vph1_R1_Plate13",6,2,486,163,"G1 phase",-0.698475814915384,-0.788170298931558
261265550,"YPL095C","EEB1",NA,"dma4825","Vph1_R1_Plate13",6,2,486,164,"G1 phase",-0.953707443835438,-0.920369204427806
261265551,"YPL095C","EEB1",NA,"dma4825","Vph1_R1_Plate13",6,2,486,165,"G1 phase",-0.572764714104014,-0.688753427321608
261265552,"YPL095C","EEB1",NA,"dma4825","Vph1_R1_Plate13",6,2,486,167,"G1 phase",-0.61466841437447,-0.677469159375823
261265553,"YPL095C","EEB1",NA,"dma4825","Vph1_R1_Plate13",6,2,486,168,"G1 phase",-0.188012557075275,-0.342235797774747
261265554,"YPL095C","EEB1",NA,"dma4825","Vph1_R1_Plate13",6,2,486,169,"G1 phase",0.836723385902257,0.374932968677479
261265555,"YPL095C","EEB1",NA,"dma4825","Vph1_R1_Plate13",6,2,486,170,"G1 phase",-0.469910177076529,-0.629202144658813
261265556,"YPL095C","EEB1",NA,"dma4825","Vph1_R1_Plate13",6,2,486,172,"G1 phase",-0.268010530318874,-0.444535511560628
261265557,"YPL095C","EEB1",NA,"dma4825","Vph1_R1_Plate13",6,2,486,173,"G1 phase",-1.54416867491915,-1.82640531686314
261265558,"YPL095C","EEB1",NA,"dma4825","Vph1_R1_Plate13",6,2,486,174,"G1 phase",-0.4889573135631,-0.643369254780529
261265559,"YPL095C","EEB1",NA,"dma4825","Vph1_R1_Plate13",6,2,486,175,"G1 phase",-0.454672467887272,-0.701602666734327
261265560,"YPL095C","EEB1",NA,"dma4825","Vph1_R1_Plate13",6,2,486,176,"G1 phase",0.615776602658031,0.478550553172357
261265561,"YPL095C","EEB1",NA,"dma4825","Vph1_R1_Plate13",6,2,486,177,"G1 phase",-1.48702726545943,-1.73407200031405
261265562,"YPL095C","EEB1",NA,"dma4825","Vph1_R1_Plate13",6,2,486,178,"G1 phase",1.01576646887603,0.772600455117282
261265563,"YPL095C","EEB1",NA,"dma4825","Vph1_R1_Plate13",6,2,486,179,"G1 phase",0.345307264548719,0.282599652128388
261265564,"YPL095C","EEB1",NA,"dma4825","Vph1_R1_Plate13",6,2,486,180,"G1 phase",-0.953707443835438,-1.14753716789114
261265565,"YPL095C","EEB1",NA,"dma4825","Vph1_R1_Plate13",6,2,486,181,"G1 phase",-0.378483921940987,-0.561002335468225
261265566,"YPL095C","EEB1",NA,"dma4825","Vph1_R1_Plate13",6,2,486,182,"G1 phase",-0.191821984372589,-0.410435606965334
261265567,"YPL095C","EEB1",NA,"dma4825","Vph1_R1_Plate13",6,2,486,183,"G1 phase",0.23864330022392,0.0837659089084866
261265568,"YPL095C","EEB1",NA,"dma4825","Vph1_R1_Plate13",6,2,486,184,"G1 phase",1.03862303265991,1.77096988410171
261265570,"YPL095C","EEB1",NA,"dma4825","Vph1_R1_Plate13",6,2,486,186,"G1 phase",-1.21655792735012,-1.26400399179874
261265571,"YPL095C","EEB1",NA,"dma4825","Vph1_R1_Plate13",6,2,486,187,"G1 phase",0.970053341308255,0.974317040513113
261265572,"YPL095C","EEB1",NA,"dma4825","Vph1_R1_Plate13",6,2,486,188,"G1 phase",0.806247967523743,0.42608282557042
261265573,"YPL095C","EEB1",NA,"dma4825","Vph1_R1_Plate13",6,2,486,189,"G1 phase",-0.645143832752984,-0.386302099606829
261265574,"YPL095C","EEB1",NA,"dma4825","Vph1_R1_Plate13",6,2,486,190,"G1 phase",0.0824567810340364,-0.0710015324793314
261265575,"YPL095C","EEB1",NA,"dma4825","Vph1_R1_Plate13",6,2,486,191,"G1 phase",0.745297130766715,0.792533249590859
261265576,"YPL095C","EEB1",NA,"dma4825","Vph1_R1_Plate13",6,2,486,192,"G1 phase",-0.942279161943495,-1.11343726329584
261265577,"YPL095C","EEB1",NA,"dma4825","Vph1_R1_Plate13",6,2,486,193,"G1 phase",0.0710284991420937,-0.191669069271856
261265578,"YPL095C","EEB1",NA,"dma4825","Vph1_R1_Plate13",6,2,486,194,"G1 phase",-1.29655590059372,-1.42453711753842
261265579,"YPL095C","EEB1",NA,"dma4825","Vph1_R1_Plate13",6,2,486,195,"G1 phase",0.406258101305747,0.0837659089084866
261265580,"YPL095C","EEB1",NA,"dma4825","Vph1_R1_Plate13",6,2,486,196,"G1 phase",-1.56321581140572,-1.82640531686314
261265581,"YPL095C","EEB1",NA,"dma4825","Vph1_R1_Plate13",6,2,486,197,"G1 phase",-0.706094669510012,-0.856370108122145
261265582,"YPL095C","EEB1",NA,"dma4825","Vph1_R1_Plate13",6,2,486,199,"G1 phase",-1.08322797194412,-1.2369876422643
261265583,"YPL095C","EEB1",NA,"dma4825","Vph1_R1_Plate13",6,2,486,200,"G1 phase",-0.469910177076529,-0.619235747422024
261265584,"YPL095C","EEB1",NA,"dma4825","Vph1_R1_Plate13",6,2,486,202,"G1 phase",-0.698475814915384,-0.84220299800043
261265585,"YPL095C","EEB1",NA,"dma4825","Vph1_R1_Plate13",6,2,486,203,"G1 phase",0.0634096445474652,-0.187468356386929
261265586,"YPL095C","EEB1",NA,"dma4825","Vph1_R1_Plate13",6,2,486,204,"G1 phase",0.486256074549346,0.632000123851179
261265587,"YPL095C","EEB1",NA,"dma4825","Vph1_R1_Plate13",6,2,486,205,"G1 phase",-0.881328325186467,-1.05520385134205
261265588,"YPL095C","EEB1",NA,"dma4825","Vph1_R1_Plate13",6,2,486,206,"G1 phase",0.368163828332605,0.326665953960469
261265589,"YPL095C","EEB1",NA,"dma4825","Vph1_R1_Plate13",6,2,486,207,"G1 phase",0.0253153715743228,-0.139201341669919
261265590,"YPL095C","EEB1",NA,"dma4825","Vph1_R1_Plate13",6,2,486,208,"G1 phase",0.276737573197063,0.323783111784539
261265591,"YPL095C","EEB1",NA,"dma4825","Vph1_R1_Plate13",6,2,486,209,"G1 phase",-0.408959340319501,-0.633402857543739
261265592,"YPL095C","EEB1",NA,"dma4825","Vph1_R1_Plate13",6,2,486,210,"G1 phase",0.356735546440662,0.418999270509562
261265593,"YPL095C","EEB1",NA,"dma4825","Vph1_R1_Plate13",6,2,486,212,"G1 phase",0.349116691846034,0.0213317840697604
261265595,"YPL095C","EEB1",NA,"dma4825","Vph1_R1_Plate13",6,2,486,216,"G1 phase",0.455780656170832,0.302532446601965
261265596,"YPL095C","EEB1",NA,"dma4825","Vph1_R1_Plate13",6,2,486,217,"G1 phase",-0.214678548156475,-0.468669018919133
261265597,"YPL095C","EEB1",NA,"dma4825","Vph1_R1_Plate13",6,2,486,218,"G1 phase",-0.633715550861042,-0.832236600763641
261265598,"YPL095C","EEB1",NA,"dma4825","Vph1_R1_Plate13",6,2,486,219,"G1 phase",-0.260391675724246,-0.342235797774747
261265599,"YPL095C","EEB1",NA,"dma4825","Vph1_R1_Plate13",6,2,486,220,"G1 phase",-0.226106830048417,-0.238618213279869
261265600,"YPL095C","EEB1",NA,"dma4825","Vph1_R1_Plate13",6,2,486,221,"G1 phase",0.64244259373923,0.704400645926693
261265601,"YPL095C","EEB1",NA,"dma4825","Vph1_R1_Plate13",6,2,486,222,"G1 phase",-1.13655995410652,-1.31227100651575
261265602,"YPL095C","EEB1",NA,"dma4825","Vph1_R1_Plate13",6,2,486,223,"S/G2 phase",0.51673149292786,0.680267138568188
261265604,"YPL095C","EEB1",NA,"dma4825","Vph1_R1_Plate13",6,2,486,225,"G1 phase",-0.00135061950687694,-0.269835275699232
261265605,"YPL095C","EEB1",NA,"dma4825","Vph1_R1_Plate13",6,2,486,226,"G1 phase",0.0862662083313507,0.741383392697918
261265606,"YPL095C","EEB1",NA,"dma4825","Vph1_R1_Plate13",6,2,486,228,"G1 phase",-1.20893907275549,-1.30230460927896
261265607,"YPL095C","EEB1",NA,"dma4825","Vph1_R1_Plate13",6,2,486,229,"G1 phase",-1.15179766329578,-1.34637091111104
261265608,"YPL095C","EEB1",NA,"dma4825","Vph1_R1_Plate13",6,2,487,1,"G1 phase",-1.10608453572801,-1.31227100651575
261265609,"YPL095C","EEB1",NA,"dma4825","Vph1_R1_Plate13",6,2,487,2,"G1 phase",-0.36324621275173,0.00271686030517928
261265610,"YPL095C","EEB1",NA,"dma4825","Vph1_R1_Plate13",6,2,487,3,"G1 phase",-1.11751281761995,-1.05100313845712
261265611,"YPL095C","EEB1",NA,"dma4825","Vph1_R1_Plate13",6,2,487,4,"G1 phase",-0.0165883286961339,-0.269835275699232
261265612,"YPL095C","EEB1",NA,"dma4825","Vph1_R1_Plate13",6,2,487,5,"G1 phase",-0.096586301939733,-0.221568260982222
261265613,"YPL095C","EEB1",NA,"dma4825","Vph1_R1_Plate13",6,2,487,6,"G1 phase",0.410067528603062,0.471466998111499
261265614,"YPL095C","EEB1",NA,"dma4825","Vph1_R1_Plate13",6,2,487,7,"G1 phase",-0.153727711399447,-0.342235797774747
261265615,"YPL095C","EEB1",NA,"dma4825","Vph1_R1_Plate13",6,2,487,8,"G1 phase",-1.01846770788978,-1.18163707248643
261265616,"YPL095C","EEB1",NA,"dma4825","Vph1_R1_Plate13",6,2,487,9,"G1 phase",0.170073608872264,0.141999320862285
261265617,"YPL095C","EEB1",NA,"dma4825","Vph1_R1_Plate13",6,2,487,10,"G1 phase",0.352926119143348,0.957267088215466
261265618,"YPL095C","EEB1",NA,"dma4825","Vph1_R1_Plate13",6,2,487,11,"G1 phase",-0.207059693561846,-0.0668008195944044
261265619,"YPL095C","EEB1",NA,"dma4825","Vph1_R1_Plate13",6,2,487,12,"G1 phase",-0.504195022752357,-0.681669872260749
261265620,"YPL095C","EEB1",NA,"dma4825","Vph1_R1_Plate13",6,2,487,13,"G1 phase",1.70146338239259,1.81215334375786
261265621,"YPL095C","EEB1",NA,"dma4825","Vph1_R1_Plate13",6,2,487,14,"G1 phase",-0.610858987077156,-0.774003188809841
261265622,"YPL095C","EEB1",NA,"dma4825","Vph1_R1_Plate13",6,2,487,15,"G1 phase",-0.348008503562473,-0.565203048353152
261265623,"YPL095C","EEB1",NA,"dma4825","Vph1_R1_Plate13",6,2,487,16,"G1 phase",0.855770522388828,0.806700359712575
261265624,"YPL095C","EEB1",NA,"dma4825","Vph1_R1_Plate13",6,2,487,18,"G1 phase",2.36811315942258,2.08338760905327
261265625,"YPL095C","EEB1",NA,"dma4825","Vph1_R1_Plate13",6,2,487,19,"G1 phase",0.924340213740484,0.850766661544658
261265626,"YPL095C","EEB1",NA,"dma4825","Vph1_R1_Plate13",6,2,487,20,"G1 phase",-1.52131211113526,-1.79230541226785
261265627,"YPL095C","EEB1",NA,"dma4825","Vph1_R1_Plate13",6,2,487,21,"G1 phase",-0.683238105726127,-0.822270203526851
261265628,"YPL095C","EEB1",NA,"dma4825","Vph1_R1_Plate13",6,2,487,22,"G1 phase",-0.0432543197773336,-0.33803508488982
261265629,"YPL095C","EEB1",NA,"dma4825","Vph1_R1_Plate13",6,2,487,23,"G1 phase",-0.572764714104014,-0.688753427321608
261265630,"YPL095C","EEB1",NA,"dma4825","Vph1_R1_Plate13",6,2,487,24,"G1 phase",0.303403564278263,0.603665903607747
261265631,"YPL095C","EEB1",NA,"dma4825","Vph1_R1_Plate13",6,2,487,25,"G1 phase",-0.176584275183332,0.0383817363674073
261265632,"YPL095C","EEB1",NA,"dma4825","Vph1_R1_Plate13",6,2,487,26,"G1 phase",1.23671325212025,1.3009018755864
261265633,"YPL095C","EEB1",NA,"dma4825","Vph1_R1_Plate13",6,2,487,27,"G1 phase",-0.0546826016692764,-0.22576897386715
261265634,"YPL095C","EEB1",NA,"dma4825","Vph1_R1_Plate13",6,2,487,28,"G1 phase",-0.0165883286961339,-0.207401150860507
261265635,"YPL095C","EEB1",NA,"dma4825","Vph1_R1_Plate13",6,2,487,29,"G1 phase",2.38716029590915,2.49810504779072
261265636,"YPL095C","EEB1",NA,"dma4825","Vph1_R1_Plate13",6,2,487,30,"G1 phase",0.836723385902257,1.66026874454597
261265637,"YPL095C","EEB1",NA,"dma4825","Vph1_R1_Plate13",6,2,487,31,"G1 phase",1.11100215130888,0.879100881788089
261265638,"YPL095C","EEB1",NA,"dma4825","Vph1_R1_Plate13",6,2,487,32,"G1 phase",-0.976564007619324,-1.07933735870055
261265639,"YPL095C","EEB1",NA,"dma4825","Vph1_R1_Plate13",6,2,487,33,"G1 phase",-0.355627358157102,-0.458702621682344
261265640,"YPL095C","EEB1",NA,"dma4825","Vph1_R1_Plate13",6,2,487,34,"G1 phase",-0.782283215456297,-0.749869681451337
261265641,"YPL095C","EEB1",NA,"dma4825","Vph1_R1_Plate13",6,2,487,35,"G1 phase",0.31864127346752,0.039699607076404
261265642,"YPL095C","EEB1",NA,"dma4825","Vph1_R1_Plate13",6,2,487,36,"G1 phase",-0.359436785454416,-0.279801672936021
261265643,"YPL095C","EEB1",NA,"dma4825","Vph1_R1_Plate13",6,2,487,37,"G1 phase",0.189120745358835,0.57376671189738
261265644,"YPL095C","EEB1",NA,"dma4825","Vph1_R1_Plate13",6,2,487,38,"G1 phase",-0.203250266264532,-0.0127681205255328
261265645,"YPL095C","EEB1",NA,"dma4825","Vph1_R1_Plate13",6,2,487,40,"G1 phase",-1.12894109951189,-1.13337005776942
261265646,"YPL095C","EEB1",NA,"dma4825","Vph1_R1_Plate13",6,2,487,42,"G1 phase",1.35099607103968,0.758433344995565
261265647,"YPL095C","EEB1",NA,"dma4825","Vph1_R1_Plate13",6,2,487,43,"G1 phase",-1.47559898356749,-1.35922015052376
261265648,"YPL095C","EEB1",NA,"dma4825","Vph1_R1_Plate13",6,2,487,44,"G1 phase",-0.275629384913502,-0.0256173599382526
261265649,"YPL095C","EEB1",NA,"dma4825","Vph1_R1_Plate13",6,2,487,45,"G1 phase",1.40813748049939,0.958584958924462
261265650,"YPL095C","EEB1",NA,"dma4825","Vph1_R1_Plate13",6,2,487,47,"G1 phase",1.28623580698534,1.6985693620262
261265651,"YPL095C","EEB1",NA,"dma4825","Vph1_R1_Plate13",6,2,487,48,"G1 phase",-1.50988382924332,-1.31515384869168
261265652,"YPL095C","EEB1",NA,"dma4825","Vph1_R1_Plate13",6,2,487,49,"G1 phase",-0.287057666805445,-0.211601863745434
261265653,"YPL095C","EEB1",NA,"dma4825","Vph1_R1_Plate13",6,2,487,50,"G1 phase",-0.549908150320128,-0.653335652017318
261265654,"YPL095C","EEB1",NA,"dma4825","Vph1_R1_Plate13",6,2,487,51,"G1 phase",-0.11182401112899,0.920284341444241
261265655,"YPL095C","EEB1",NA,"dma4825","Vph1_R1_Plate13",6,2,487,52,"G1 phase",1.48432602644568,1.83496898040737
261265656,"YPL095C","EEB1",NA,"dma4825","Vph1_R1_Plate13",6,2,487,53,"G1 phase",-0.134680574912875,-0.376335702370041
261265657,"YPL095C","EEB1",NA,"dma4825","Vph1_R1_Plate13",6,2,487,54,"G1 phase",-0.74037951518584,-0.890470012717439
261265658,"YPL095C","EEB1",NA,"dma4825","Vph1_R1_Plate13",6,2,487,56,"G1 phase",2.25763976780047,2.39448746329585
261265659,"YPL095C","EEB1",NA,"dma4825","Vph1_R1_Plate13",6,2,487,59,"G1 phase",0.0367436534662655,-0.235735371103938
261265660,"YPL095C","EEB1",NA,"dma4825","Vph1_R1_Plate13",6,2,487,60,"G1 phase",0.440542946981575,1.21145140121323
261265661,"YPL095C","EEB1",NA,"dma4825","Vph1_R1_Plate13",6,2,487,62,"G1 phase",-0.0203977559934482,-0.191669069271856
261265662,"YPL095C","EEB1",NA,"dma4825","Vph1_R1_Plate13",6,2,487,63,"G1 phase",-0.374674494643673,-0.461585463858275
261265663,"YPL095C","EEB1",NA,"dma4825","Vph1_R1_Plate13",6,2,487,64,"G1 phase",1.64432197293288,1.94987083284803
261265664,"YPL095C","EEB1",NA,"dma4825","Vph1_R1_Plate13",6,2,487,65,"G1 phase",0.653870875631173,0.481433395348289
261265665,"YPL095C","EEB1",NA,"dma4825","Vph1_R1_Plate13",6,2,487,66,"G1 phase",-0.11182401112899,-0.252785323401585
261265666,"YPL095C","EEB1",NA,"dma4825","Vph1_R1_Plate13",6,2,487,67,"G1 phase",0.928149641037799,0.816666756949364
261265667,"YPL095C","EEB1",NA,"dma4825","Vph1_R1_Plate13",6,2,487,69,"G1 phase",-0.622287268969099,-0.756953236512195
261265668,"YPL095C","EEB1",NA,"dma4825","Vph1_R1_Plate13",6,2,487,70,"G1 phase",1.33956778914774,1.46851855638693
261265669,"YPL095C","EEB1",NA,"dma4825","Vph1_R1_Plate13",6,2,487,73,"G1 phase",1.16433413347128,1.8633032006508
261265670,"YPL095C","EEB1",NA,"dma4825","Vph1_R1_Plate13",6,2,487,74,"G1 phase",-0.378483921940987,-0.266952433523302
261265671,"YPL095C","EEB1",NA,"dma4825","Vph1_R1_Plate13",6,2,487,75,"G1 phase",0.714821712388201,0.37781581085341
261265672,"YPL095C","EEB1",NA,"dma4825","Vph1_R1_Plate13",6,2,487,76,"G1 phase",-0.504195022752357,-0.657536364902244
261265673,"YPL095C","EEB1",NA,"dma4825","Vph1_R1_Plate13",6,2,487,77,"G1 phase",-0.260391675724246,-0.454501908797417
261265674,"YPL095C","EEB1",NA,"dma4825","Vph1_R1_Plate13",6,2,487,78,"G1 phase",0.364354401035291,0.389100078799196
261265675,"YPL095C","EEB1",NA,"dma4825","Vph1_R1_Plate13",6,2,487,79,"G1 phase",0.0900756356286649,0.322465241075543
261265676,"YPL095C","EEB1",NA,"dma4825","Vph1_R1_Plate13",6,2,487,81,"G1 phase",0.0519813626555225,-0.0809679297161203
261265677,"YPL095C","EEB1",NA,"dma4825","Vph1_R1_Plate13",6,2,487,82,"G1 phase",1.37766206212088,1.83340400894044
261265678,"YPL095C","EEB1",NA,"dma4825","Vph1_R1_Plate13",6,2,487,83,"G1 phase",-0.561336432212071,-0.687435556612611
261265679,"YPL095C","EEB1",NA,"dma4825","Vph1_R1_Plate13",6,2,487,85,"G1 phase",0.966243914010941,0.776801168002208
261265680,"YPL095C","EEB1",NA,"dma4825","Vph1_R1_Plate13",6,2,487,86,"G1 phase",-0.146108856804818,-0.313901577531315
261265681,"YPL095C","EEB1",NA,"dma4825","Vph1_R1_Plate13",6,2,487,87,"G1 phase",-1.4260764287024,-1.65170508100175
261265682,"YPL095C","EEB1",NA,"dma4825","Vph1_R1_Plate13",6,2,487,88,"G1 phase",0.158645326980321,0.595017377079955
261265683,"YPL095C","EEB1",NA,"dma4825","Vph1_R1_Plate13",6,2,487,90,"G1 phase",0.135788763196436,-0.163334849028424
261265684,"YPL095C","EEB1",NA,"dma4825","Vph1_R1_Plate13",6,2,487,91,"G1 phase",-1.11751281761995,-1.25403759456195
261265685,"YPL095C","EEB1",NA,"dma4825","Vph1_R1_Plate13",6,2,487,92,"G1 phase",-0.957516871132752,-1.11343726329584
261265686,"YPL095C","EEB1",NA,"dma4825","Vph1_R1_Plate13",6,2,487,93,"G1 phase",-0.207059693561846,-0.434569114323839
261265687,"YPL095C","EEB1",NA,"dma4825","Vph1_R1_Plate13",6,2,487,94,"G1 phase",-0.557527004914757,-0.623436460306951
261265689,"YPL095C","EEB1",NA,"dma4825","Vph1_R1_Plate13",6,2,487,96,"G1 phase",-0.980373434916638,-1.12340366053263
261265690,"YPL095C","EEB1",NA,"dma4825","Vph1_R1_Plate13",6,2,487,97,"G1 phase",-0.736570087888526,-0.914603520075944
261265691,"YPL095C","EEB1",NA,"dma4825","Vph1_R1_Plate13",6,2,487,98,"G1 phase",-1.54416867491915,-1.79230541226785
261265692,"YPL095C","EEB1",NA,"dma4825","Vph1_R1_Plate13",6,2,487,99,"G1 phase",0.185311318061521,-0.12923494443313
261265693,"YPL095C","EEB1",NA,"dma4825","Vph1_R1_Plate13",6,2,487,100,"G1 phase",-0.927041452754238,-1.12340366053263
261265694,"YPL095C","EEB1",NA,"dma4825","Vph1_R1_Plate13",6,2,487,101,"G1 phase",-0.831805770321382,-0.952904137556165
261265695,"YPL095C","EEB1",NA,"dma4825","Vph1_R1_Plate13",6,2,487,102,"G1 phase",0.0824567810340364,0.0454652914282652
261265696,"YPL095C","EEB1",NA,"dma4825","Vph1_R1_Plate13",6,2,487,103,"G1 phase",0.0405530807635798,-0.0227345177623217
261265697,"YPL095C","EEB1",NA,"dma4825","Vph1_R1_Plate13",6,2,487,104,"G1 phase",0.0824567810340364,0.0737995116716977
261265698,"YPL095C","EEB1",NA,"dma4825","Vph1_R1_Plate13",6,2,487,105,"G1 phase",-0.199440838967218,0.181864909809441
261265699,"YPL095C","EEB1",NA,"dma4825","Vph1_R1_Plate13",6,2,487,106,"G1 phase",-1.639404357352,-1.8917222838778
261265700,"YPL095C","EEB1",NA,"dma4825","Vph1_R1_Plate13",6,2,487,107,"G1 phase",-1.15560709059309,-1.2952210542181
261265701,"YPL095C","EEB1",NA,"dma4825","Vph1_R1_Plate13",6,2,487,108,"G1 phase",-1.12132224491726,-0.897553567778297
261265702,"YPL095C","EEB1",NA,"dma4825","Vph1_R1_Plate13",6,2,487,109,"G1 phase",-1.40321986491852,-1.58638811398709
261265703,"YPL095C","EEB1",NA,"dma4825","Vph1_R1_Plate13",6,2,487,110,"G1 phase",-0.306104803292017,-0.492802526277638
261265704,"YPL095C","EEB1",NA,"dma4825","Vph1_R1_Plate13",6,2,487,112,"G1 phase",1.56051457239196,1.44438504902843
261265705,"YPL095C","EEB1",NA,"dma4825","Vph1_R1_Plate13",6,2,487,113,"G1 phase",0.791010258334486,0.57376671189738
261265706,"YPL095C","EEB1",NA,"dma4825","Vph1_R1_Plate13",6,2,487,114,"G1 phase",2.55477509699098,2.51383712937937
261265707,"YPL095C","EEB1",NA,"dma4825","Vph1_R1_Plate13",6,2,487,115,"G1 phase",0.0367436534662655,-0.22576897386715
261265708,"YPL095C","EEB1",NA,"dma4825","Vph1_R1_Plate13",6,2,487,116,"G1 phase",-1.42226700140509,-1.45863702213371
261265709,"YPL095C","EEB1",NA,"dma4825","Vph1_R1_Plate13",6,2,487,118,"G1 phase",0.531969202117117,1.04960040476456
261265710,"YPL095C","EEB1",NA,"dma4825","Vph1_R1_Plate13",6,2,487,119,"G1 phase",0.253881009413177,-0.105101437074625
261265711,"YPL095C","EEB1",NA,"dma4825","Vph1_R1_Plate13",6,2,487,120,"G1 phase",1.00433818698408,1.08790102224478
261265712,"YPL095C","EEB1",NA,"dma4825","Vph1_R1_Plate13",6,2,487,121,"G1 phase",-1.15560709059309,-1.19580418260815
261265713,"YPL095C","EEB1",NA,"dma4825","Vph1_R1_Plate13",6,2,487,122,"G1 phase",0.0938850629259792,0.0766823538476293
261265714,"YPL095C","EEB1",NA,"dma4825","Vph1_R1_Plate13",6,2,487,123,"G1 phase",2.63477307023458,2.99098869295555
261265715,"YPL095C","EEB1",NA,"dma4825","Vph1_R1_Plate13",6,2,487,124,"G1 phase",-1.23941449113401,-1.23987048444023
261265716,"YPL095C","EEB1",NA,"dma4825","Vph1_R1_Plate13",6,2,487,125,"G1 phase",0.211977309142721,0.265549699830741
261265717,"YPL095C","EEB1",NA,"dma4825","Vph1_R1_Plate13",6,2,487,126,"G1 phase",0.676727439415059,0.268432542006672
261265718,"YPL095C","EEB1",NA,"dma4825","Vph1_R1_Plate13",6,2,487,127,"G1 phase",-0.61466841437447,-0.515618162927146
261265719,"YPL095C","EEB1",NA,"dma4825","Vph1_R1_Plate13",6,2,487,128,"G1 phase",0.711012285090887,0.559599601775665
261265720,"YPL095C","EEB1",NA,"dma4825","Vph1_R1_Plate13",6,2,487,129,"G1 phase",0.0481719353582082,-0.110867121426486
261265721,"YPL095C","EEB1",NA,"dma4825","Vph1_R1_Plate13",6,2,487,130,"G1 phase",-0.271819957616188,-0.149167738906708
261265722,"YPL095C","EEB1",NA,"dma4825","Vph1_R1_Plate13",6,2,487,131,"G1 phase",-0.679428678428812,-0.88050361548065
261265723,"YPL095C","EEB1",NA,"dma4825","Vph1_R1_Plate13",6,2,487,132,"G1 phase",0.147217045088379,0.401949318211915
261265724,"YPL095C","EEB1",NA,"dma4825","Vph1_R1_Plate13",6,2,487,134,"G1 phase",0.524350347522489,0.340833064082186
261265725,"YPL095C","EEB1",NA,"dma4825","Vph1_R1_Plate13",6,2,487,135,"G1 phase",0.771963121847915,1.21853495627409
261265726,"YPL095C","EEB1",NA,"dma4825","Vph1_R1_Plate13",6,2,487,136,"G1 phase",0.432924092386947,0.907435102031522
261265727,"YPL095C","EEB1",NA,"dma4825","Vph1_R1_Plate13",6,2,487,137,"G1 phase",1.57575228158122,1.34496817741848
261265728,"YPL095C","EEB1",NA,"dma4825","Vph1_R1_Plate13",6,2,487,138,"G1 phase",-0.454672467887272,-0.558119493292294
261265729,"YPL095C","EEB1",NA,"dma4825","Vph1_R1_Plate13",6,2,487,139,"G1 phase",0.162454754277636,0.186065622694367
261265730,"YPL095C","EEB1",NA,"dma4825","Vph1_R1_Plate13",6,2,487,140,"G1 phase",0.250071582115863,0.16901567039672
261265731,"YPL095C","EEB1",NA,"dma4825","Vph1_R1_Plate13",6,2,487,141,"G1 phase",-0.203250266264532,-0.201635466508645
261265732,"YPL095C","EEB1",NA,"dma4825","Vph1_R1_Plate13",6,2,487,142,"G1 phase",-0.397531058427558,-0.53686882810972
261265733,"YPL095C","EEB1",NA,"dma4825","Vph1_R1_Plate13",6,2,487,143,"G1 phase",-0.751807797077783,-0.839320155824498
261265734,"YPL095C","EEB1",NA,"dma4825","Vph1_R1_Plate13",6,2,487,144,"G1 phase",0.7681536945506,1.34208533524255
261265735,"YPL095C","EEB1",NA,"dma4825","Vph1_R1_Plate13",6,2,487,145,"G1 phase",1.24433210671488,0.680267138568188
261265736,"YPL095C","EEB1",NA,"dma4825","Vph1_R1_Plate13",6,2,487,146,"G1 phase",-0.172774847886018,-0.434569114323839
261265737,"YPL095C","EEB1",NA,"dma4825","Vph1_R1_Plate13",6,2,487,147,"G1 phase",-0.477529031671158,-0.570968732705014
261265738,"YPL095C","EEB1",NA,"dma4825","Vph1_R1_Plate13",6,2,487,148,"G1 phase",0.116741626709865,0.666100028446472
261265739,"YPL095C","EEB1",NA,"dma4825","Vph1_R1_Plate13",6,2,487,149,"G1 phase",0.231024445629292,-0.0809679297161203
261265740,"YPL095C","EEB1",NA,"dma4825","Vph1_R1_Plate13",6,2,487,151,"G1 phase",-1.35369731005343,-1.55937176445266
261265741,"YPL095C","EEB1",NA,"dma4825","Vph1_R1_Plate13",6,2,487,152,"G1 phase",-1.27750876410715,-1.51110474973565
261265742,"YPL095C","EEB1",NA,"dma4825","Vph1_R1_Plate13",6,2,487,153,"G1 phase",0.101503917520608,-0.211601863745434
261265743,"YPL095C","EEB1",NA,"dma4825","Vph1_R1_Plate13",6,2,487,154,"G1 phase",0.615776602658031,0.889067279024879
261265744,"YPL095C","EEB1",NA,"dma4825","Vph1_R1_Plate13",6,2,487,155,"G1 phase",0.379592110224547,0.0354988941914769
261265745,"YPL095C","EEB1",NA,"dma4825","Vph1_R1_Plate13",6,2,487,157,"G1 phase",-0.645143832752984,-0.143402054554847
261265746,"YPL095C","EEB1",NA,"dma4825","Vph1_R1_Plate13",6,2,487,158,"G1 phase",-0.86609061599721,-1.03107034398354
261265747,"YPL095C","EEB1",NA,"dma4825","Vph1_R1_Plate13",6,2,487,160,"G1 phase",-0.610858987077156,-0.774003188809841
261265748,"YPL095C","EEB1",NA,"dma4825","Vph1_R1_Plate13",6,2,487,161,"G1 phase",-0.153727711399447,-0.420402004202123
261265749,"YPL095C","EEB1",NA,"dma4825","Vph1_R1_Plate13",6,2,487,162,"G1 phase",-0.443244185995329,-0.252785323401585
261265751,"YPL095C","EEB1",NA,"dma4825","Vph1_R1_Plate13",6,2,487,164,"G1 phase",0.295784709683634,0.0795651960235602
261265752,"YPL095C","EEB1",NA,"dma4825","Vph1_R1_Plate13",6,2,487,165,"G1 phase",-0.805139779240183,-0.622118589597955
261265753,"YPL095C","EEB1",NA,"dma4825","Vph1_R1_Plate13",6,2,487,166,"G1 phase",-0.86609061599721,-1.05520385134205
261265754,"YPL095C","EEB1",NA,"dma4825","Vph1_R1_Plate13",6,2,487,167,"G1 phase",-0.165155993291389,0.6703007413314
261265755,"YPL095C","EEB1",NA,"dma4825","Vph1_R1_Plate13",6,2,487,168,"G1 phase",1.46527888995911,1.79510339146021
261265756,"YPL095C","EEB1",NA,"dma4825","Vph1_R1_Plate13",6,2,487,169,"G1 phase",-0.984182862213952,-0.931653472373591
261265757,"YPL095C","EEB1",NA,"dma4825","Vph1_R1_Plate13",6,2,487,170,"G1 phase",0.490065501846661,0.268432542006671
261265758,"YPL095C","EEB1",NA,"dma4825","Vph1_R1_Plate13",6,2,487,171,"G1 phase",-0.0699203108585333,-0.17750195915014
261265759,"YPL095C","EEB1",NA,"dma4825","Vph1_R1_Plate13",6,2,487,172,"G1 phase",0.623395457252659,0.186065622694367
261265760,"YPL095C","EEB1",NA,"dma4825","Vph1_R1_Plate13",6,2,487,173,"G1 phase",-0.248963393832303,-0.116385705020411
261265761,"YPL095C","EEB1",NA,"dma4825","Vph1_R1_Plate13",6,2,487,174,"G1 phase",-0.702285242212698,-0.637603570428667
261265762,"YPL095C","EEB1",NA,"dma4825","Vph1_R1_Plate13",6,2,487,175,"G1 phase",0.509112638333232,0.220165527289661
261265763,"YPL095C","EEB1",NA,"dma4825","Vph1_R1_Plate13",6,2,487,176,"G1 phase",2.36430373212527,2.5421713496228
261265764,"YPL095C","EEB1",NA,"dma4825","Vph1_R1_Plate13",6,2,487,177,"G1 phase",0.31864127346752,0.154848560275006
261265765,"YPL095C","EEB1",NA,"dma4825","Vph1_R1_Plate13",6,2,487,178,"G1 phase",-0.610858987077156,-0.749869681451337
261265766,"YPL095C","EEB1",NA,"dma4825","Vph1_R1_Plate13",6,2,487,179,"G1 phase",0.992909905092141,1.17026794155708
261265767,"YPL095C","EEB1",NA,"dma4825","Vph1_R1_Plate13",6,2,487,180,"G1 phase",-0.405149913022187,-0.619235747422024
261265768,"YPL095C","EEB1",NA,"dma4825","Vph1_R1_Plate13",6,2,487,181,"G1 phase",-1.02608656248441,-1.17167067524964
261265769,"YPL095C","EEB1",NA,"dma4825","Vph1_R1_Plate13",6,2,487,182,"G1 phase",-0.751807797077783,-0.735702571329621
261265770,"YPL095C","EEB1",NA,"dma4825","Vph1_R1_Plate13",6,2,487,183,"G1 phase",-0.648953260050299,-0.461585463858275
261265771,"YPL095C","EEB1",NA,"dma4825","Vph1_R1_Plate13",6,2,487,184,"G1 phase",-0.256582248426931,-0.119268547196342
261265772,"YPL095C","EEB1",NA,"dma4825","Vph1_R1_Plate13",6,2,487,185,"G1 phase",0.0100776623850658,-0.0269352306472476
261265773,"YPL095C","EEB1",NA,"dma4825","Vph1_R1_Plate13",6,2,487,187,"G1 phase",-1.01846770788978,-0.825153045702783
261265774,"YPL095C","EEB1",NA,"dma4825","Vph1_R1_Plate13",6,2,487,188,"G1 phase",1.1414775696874,0.641966521087968
261265775,"YPL095C","EEB1",NA,"dma4825","Vph1_R1_Plate13",6,2,487,189,"G1 phase",-0.142299429507504,-0.33803508488982
261265776,"YPL095C","EEB1",NA,"dma4825","Vph1_R1_Plate13",6,2,487,190,"G1 phase",1.45766003536448,0.734299837637061
261265777,"YPL095C","EEB1",NA,"dma4825","Vph1_R1_Plate13",6,2,487,191,"G1 phase",-0.519432731941614,-0.715769776856043
261265778,"YPL095C","EEB1",NA,"dma4825","Vph1_R1_Plate13",6,2,487,192,"G1 phase",-1.41845757410778,-1.61760517640645
261265779,"YPL095C","EEB1",NA,"dma4825","Vph1_R1_Plate13",6,2,487,193,"G1 phase",-0.820377488429439,-0.996970439388248
261265780,"YPL095C","EEB1",NA,"dma4825","Vph1_R1_Plate13",6,2,487,194,"G1 phase",-0.588002423293271,-0.623436460306951
261265781,"YPL095C","EEB1",NA,"dma4825","Vph1_R1_Plate13",6,2,487,195,"G1 phase",-0.36324621275173,-0.623436460306951
261265782,"YPL095C","EEB1",NA,"dma4825","Vph1_R1_Plate13",6,2,487,196,"G1 phase",-0.610858987077156,-0.0397844700599686
261265783,"YPL095C","EEB1",NA,"dma4825","Vph1_R1_Plate13",6,2,487,197,"G1 phase",0.619586029955345,0.758433344995565
261265784,"YPL095C","EEB1",NA,"dma4825","Vph1_R1_Plate13",6,2,487,198,"G1 phase",0.463399510765461,0.288365336480249
261265785,"YPL095C","EEB1",NA,"dma4825","Vph1_R1_Plate13",6,2,487,200,"G1 phase",-0.862281188699896,-0.803902380520209
261265786,"YPL095C","EEB1",NA,"dma4825","Vph1_R1_Plate13",6,2,487,201,"G1 phase",-0.0584920289665906,-0.318102290416242
261265787,"YPL095C","EEB1",NA,"dma4825","Vph1_R1_Plate13",6,2,487,202,"G1 phase",0.989100477794827,0.525499697180372
261265789,"YPL095C","EEB1",NA,"dma4825","Vph1_R1_Plate13",6,2,487,204,"G1 phase",-1.17084479978235,-1.22570337431851
261265790,"YPL095C","EEB1",NA,"dma4825","Vph1_R1_Plate13",6,2,487,205,"G1 phase",-0.980373434916638,-1.13757077065435
261265791,"YPL095C","EEB1",NA,"dma4825","Vph1_R1_Plate13",6,2,487,206,"G1 phase",0.638633166441916,0.874900168903163
261265792,"YPL095C","EEB1",NA,"dma4825","Vph1_R1_Plate13",6,2,487,207,"G1 phase",-0.321342512481273,-0.551035938231436
261265793,"YPL095C","EEB1",NA,"dma4825","Vph1_R1_Plate13",6,2,487,208,"G1 phase",-0.172774847886018,-0.286885227996879
261265794,"YPL095C","EEB1",NA,"dma4825","Vph1_R1_Plate13",6,2,487,209,"G1 phase",0.547206911306374,0.210199130052873
261265795,"YPL095C","EEB1",NA,"dma4825","Vph1_R1_Plate13",6,2,487,210,"G1 phase",-0.00896947410150543,-0.221568260982222
261265796,"YPL095C","EEB1",NA,"dma4825","Vph1_R1_Plate13",6,2,487,211,"G1 phase",0.246262154818549,0.103698703382064
261265797,"YPL095C","EEB1",NA,"dma4825","Vph1_R1_Plate13",6,2,487,212,"G1 phase",0.307212991575577,0.2143998429378
261265798,"YPL095C","EEB1",NA,"dma4825","Vph1_R1_Plate13",6,2,487,213,"G1 phase",-0.279438812210817,-0.369252147309183
261265799,"YPL095C","EEB1",NA,"dma4825","Vph1_R1_Plate13",6,2,487,214,"G1 phase",-0.218487975453789,-0.0227345177623217
261265800,"YPL095C","EEB1",NA,"dma4825","Vph1_R1_Plate13",6,2,487,215,"G1 phase",-1.23560506383669,-1.36342086340869
261265801,"YPL095C","EEB1",NA,"dma4825","Vph1_R1_Plate13",6,2,487,216,"G1 phase",-0.119442865723619,-0.163334849028424
261265802,"YPL095C","EEB1",NA,"dma4825","Vph1_R1_Plate13",6,2,487,217,"G1 phase",-1.01084885329515,-0.920369204427806
261265803,"YPL095C","EEB1",NA,"dma4825","Vph1_R1_Plate13",6,2,487,218,"G1 phase",-0.0927768746424188,-0.12923494443313
261265804,"YPL095C","EEB1",NA,"dma4825","Vph1_R1_Plate13",6,2,487,219,"G1 phase",-1.60511951167617,-1.89880583893866
261265805,"YPL095C","EEB1",NA,"dma4825","Vph1_R1_Plate13",6,2,487,220,"G1 phase",-0.968945153024695,-1.04103674122033
261265806,"YPL095C","EEB1",NA,"dma4825","Vph1_R1_Plate13",6,2,487,221,"G1 phase",-0.0242071832907624,-0.279801672936021
261265807,"YPL095C","EEB1",NA,"dma4825","Vph1_R1_Plate13",6,2,487,223,"G1 phase",-0.0318260378853909,0.039699607076404
261265808,"YPL095C","EEB1",NA,"dma4825","Vph1_R1_Plate13",6,2,487,224,"G1 phase",-0.957516871132752,-1.14753716789114
261265809,"YPL095C","EEB1",NA,"dma4825","Vph1_R1_Plate13",6,2,487,225,"G1 phase",-0.76704550626704,-0.846403710885356
261265810,"YPL095C","EEB1",NA,"dma4825","Vph1_R1_Plate13",6,2,487,226,"G1 phase",-0.108014583831676,-0.323867974768103
261265811,"YPL095C","EEB1",NA,"dma4825","Vph1_R1_Plate13",6,2,487,227,"G1 phase",-0.283248239508131,-0.303935180294526
261265812,"YPL095C","EEB1",NA,"dma4825","Vph1_R1_Plate13",6,2,487,228,"G1 phase",-1.03370541707904,-1.0963873109982
261265813,"YPL095C","EEB1",NA,"dma4825","Vph1_R1_Plate13",6,2,487,229,"G1 phase",0.387210964819176,0.103698703382064
261265814,"YPL095C","EEB1",NA,"dma4825","Vph1_R1_Plate13",6,2,487,230,"G1 phase",-0.572764714104014,-0.543952383170578
261265816,"YPL095C","EEB1",NA,"dma4825","Vph1_R1_Plate13",6,2,487,233,"G1 phase",-0.5156233046443,-0.701602666734327
261265817,"YPL095C","EEB1",NA,"dma4825","Vph1_R1_Plate13",6,2,487,234,"G1 phase",0.394829819413805,0.352117332027972
261265818,"YPL095C","EEB1",NA,"dma4825","Vph1_R1_Plate13",6,2,487,235,"G1 phase",-0.302295375994702,-0.379218544545971
261265819,"YPL095C","EEB1",NA,"dma4825","Vph1_R1_Plate13",6,2,487,238,"G1 phase",-0.5422892957255,-0.372134989485113
261265820,"YPL095C","EEB1",NA,"dma4825","Vph1_R1_Plate13",6,2,487,239,"G1 phase",-1.11751281761995,-1.31227100651575
261265821,"YPL095C","EEB1",NA,"dma4825","Vph1_R1_Plate13",6,2,487,240,"G1 phase",0.0862662083313507,0.200232732816084
261265822,"YPL095C","EEB1",NA,"dma4825","Vph1_R1_Plate13",6,2,487,241,"G1 phase",0.284356427791691,-0.0610351352425431
261265823,"YPL095C","EEB1",NA,"dma4825","Vph1_R1_Plate13",6,2,487,242,"G1 phase",-1.35369731005343,-1.32512024592847
261265824,"YPL095C","EEB1",NA,"dma4825","Vph1_R1_Plate13",6,2,487,244,"G1 phase",0.901483649956599,1.18023433879387
261265825,"YPL095C","EEB1",NA,"dma4825","Vph1_R1_Plate13",6,2,487,245,"G1 phase",-0.119442865723619,-0.00856740764060576
261265826,"YPL095C","EEB1",NA,"dma4825","Vph1_R1_Plate13",6,2,487,246,"G1 phase",-1.47559898356749,-1.58638811398709
261265827,"YPL095C","EEB1",NA,"dma4825","Vph1_R1_Plate13",6,2,487,247,"G1 phase",-1.48702726545943,-1.46283773501864
261265828,"YPL095C","EEB1",NA,"dma4825","Vph1_R1_Plate13",6,2,487,248,"G1 phase",0.577682329684888,0.913200786383383
261265830,"YPL095C","EEB1",NA,"dma4825","Vph1_R1_Plate13",6,2,487,250,"G1 phase",1.12623986049814,1.21985282698309
261265831,"YPL095C","EEB1",NA,"dma4825","Vph1_R1_Plate13",6,2,487,251,"G1 phase",2.18907007644881,1.37330239766191
261265832,"YPL095C","EEB1",NA,"dma4825","Vph1_R1_Plate13",6,2,487,252,"G1 phase",2.85571985347881,2.43855376512792
261265833,"YPL095C","EEB1",NA,"dma4825","Vph1_R1_Plate13",6,2,487,253,"G1 phase",-0.33658022167053,-0.197434753623718
261265834,"YPL095C","EEB1",NA,"dma4825","Vph1_R1_Plate13",6,2,487,254,"G1 phase",-0.664190969239555,-0.653335652017318
261265835,"YPL095C","EEB1",NA,"dma4825","Vph1_R1_Plate13",6,2,488,1,"G1 phase",-0.827996343024068,-0.972836932029743
261265836,"YPL095C","EEB1",NA,"dma4825","Vph1_R1_Plate13",6,2,488,2,"G1 phase",0.905293077253913,0.741383392697918
261265837,"YPL095C","EEB1",NA,"dma4825","Vph1_R1_Plate13",6,2,488,3,"G1 phase",-0.226106830048417,-0.400469209728545
261265838,"YPL095C","EEB1",NA,"dma4825","Vph1_R1_Plate13",6,2,488,4,"G1 phase",-0.127061720318247,-0.386302099606829
261265839,"YPL095C","EEB1",NA,"dma4825","Vph1_R1_Plate13",6,2,488,5,"G1 phase",1.62527483644631,1.44438504902843
261265840,"YPL095C","EEB1",NA,"dma4825","Vph1_R1_Plate13",6,2,488,6,"G1 phase",-0.831805770321382,-1.03107034398354
261265841,"YPL095C","EEB1",NA,"dma4825","Vph1_R1_Plate13",6,2,488,7,"G1 phase",-0.961326298430067,-1.13757077065435
261265842,"YPL095C","EEB1",NA,"dma4825","Vph1_R1_Plate13",6,2,488,8,"G1 phase",-0.233725684643046,-0.434569114323839
261265843,"YPL095C","EEB1",NA,"dma4825","Vph1_R1_Plate13",6,2,488,9,"G1 phase",-0.839424624916011,-1.00693683662504
261265844,"YPL095C","EEB1",NA,"dma4825","Vph1_R1_Plate13",6,2,488,10,"G1 phase",0.406258101305747,0.37781581085341
261265845,"YPL095C","EEB1",NA,"dma4825","Vph1_R1_Plate13",6,2,488,12,"G1 phase",0.94719677752437,1.0438347204127
261265846,"YPL095C","EEB1",NA,"dma4825","Vph1_R1_Plate13",6,2,488,13,"G1 phase",-1.41845757410778,-1.45287133778185
261265847,"YPL095C","EEB1",NA,"dma4825","Vph1_R1_Plate13",6,2,488,14,"G1 phase",0.478637219954718,0.528382539356302
261265848,"YPL095C","EEB1",NA,"dma4825","Vph1_R1_Plate13",6,2,488,15,"G1 phase",0.341497837251405,0.151965718099074
261265849,"YPL095C","EEB1",NA,"dma4825","Vph1_R1_Plate13",6,2,488,16,"G1 phase",-0.934660307348867,-0.982803329266532
261265850,"YPL095C","EEB1",NA,"dma4825","Vph1_R1_Plate13",6,2,488,17,"G1 phase",-0.29086709410276,-0.0397844700599686
261265851,"YPL095C","EEB1",NA,"dma4825","Vph1_R1_Plate13",6,2,488,18,"G1 phase",-0.443244185995329,-0.53398598593379
261265852,"YPL095C","EEB1",NA,"dma4825","Vph1_R1_Plate13",6,2,488,19,"G1 phase",-0.519432731941614,-0.681669872260749
261265853,"YPL095C","EEB1",NA,"dma4825","Vph1_R1_Plate13",6,2,488,20,"G1 phase",-0.0927768746424188,0.0837659089084866
261265854,"YPL095C","EEB1",NA,"dma4825","Vph1_R1_Plate13",6,2,488,21,"G1 phase",-0.976564007619324,-1.17167067524964
261265855,"YPL095C","EEB1",NA,"dma4825","Vph1_R1_Plate13",6,2,488,23,"G1 phase",0.383401537521862,0.258466144769883
261265856,"YPL095C","EEB1",NA,"dma4825","Vph1_R1_Plate13",6,2,488,24,"G1 phase",0.699584003198944,1.28385192328875
261265857,"YPL095C","EEB1",NA,"dma4825","Vph1_R1_Plate13",6,2,488,26,"G1 phase",-0.275629384913502,-0.139201341669919
261265858,"YPL095C","EEB1",NA,"dma4825","Vph1_R1_Plate13",6,2,488,28,"G1 phase",-0.165155993291389,-0.146284896730777
261265859,"YPL095C","EEB1",NA,"dma4825","Vph1_R1_Plate13",6,2,488,29,"G1 phase",0.539588056711746,0.974317040513113
261265860,"YPL095C","EEB1",NA,"dma4825","Vph1_R1_Plate13",6,2,488,30,"G1 phase",-0.858471761402582,-0.938737027434448
261265861,"YPL095C","EEB1",NA,"dma4825","Vph1_R1_Plate13",6,2,488,31,"G1 phase",-0.0280166105880767,-0.17750195915014
261265862,"YPL095C","EEB1",NA,"dma4825","Vph1_R1_Plate13",6,2,488,32,"G1 phase",-0.519432731941614,-0.495685368453569
261265863,"YPL095C","EEB1",NA,"dma4825","Vph1_R1_Plate13",6,2,488,33,"G1 phase",1.16052470617397,0.670300741331401
261265864,"YPL095C","EEB1",NA,"dma4825","Vph1_R1_Plate13",6,2,488,34,"G1 phase",0.592920038874145,0.786767565238997
261265865,"YPL095C","EEB1",NA,"dma4825","Vph1_R1_Plate13",6,2,488,35,"G1 phase",1.15290585157934,1.35205173247934
261265866,"YPL095C","EEB1",NA,"dma4825","Vph1_R1_Plate13",6,2,488,36,"G1 phase",-1.12132224491726,-1.27108754685959
261265867,"YPL095C","EEB1",NA,"dma4825","Vph1_R1_Plate13",6,2,488,37,"G1 phase",-0.850852906807953,-1.03107034398354
261265868,"YPL095C","EEB1",NA,"dma4825","Vph1_R1_Plate13",6,2,488,38,"G1 phase",-0.374674494643673,-0.575169445589941
261265869,"YPL095C","EEB1",NA,"dma4825","Vph1_R1_Plate13",6,2,488,40,"G1 phase",1.24433210671488,0.772600455117281
261265870,"YPL095C","EEB1",NA,"dma4825","Vph1_R1_Plate13",6,2,488,41,"G1 phase",-0.473719604373843,-0.633402857543739
261265871,"YPL095C","EEB1",NA,"dma4825","Vph1_R1_Plate13",6,2,488,42,"G1 phase",-0.0623014562639048,-0.293968783057737
261265872,"YPL095C","EEB1",NA,"dma4825","Vph1_R1_Plate13",6,2,488,44,"G1 phase",-0.279438812210817,-0.231534658219011
261265873,"YPL095C","EEB1",NA,"dma4825","Vph1_R1_Plate13",6,2,488,45,"G1 phase",-0.492766740860414,-0.272718117875163
261265874,"YPL095C","EEB1",NA,"dma4825","Vph1_R1_Plate13",6,2,488,46,"G1 phase",-0.530861013833557,-0.526902430872932
261265875,"YPL095C","EEB1",NA,"dma4825","Vph1_R1_Plate13",6,2,488,48,"G1 phase",-1.04132427167367,-0.961552664083957
261265876,"YPL095C","EEB1",NA,"dma4825","Vph1_R1_Plate13",6,2,488,49,"G1 phase",0.547206911306374,0.137798607977358
261265877,"YPL095C","EEB1",NA,"dma4825","Vph1_R1_Plate13",6,2,488,50,"G1 phase",-0.332770794373216,-0.420402004202123
261265878,"YPL095C","EEB1",NA,"dma4825","Vph1_R1_Plate13",6,2,488,51,"G1 phase",-0.302295375994702,-0.516936033636143
261265879,"YPL095C","EEB1",NA,"dma4825","Vph1_R1_Plate13",6,2,488,52,"G1 phase",-0.930850880051553,-1.07933735870055
261265880,"YPL095C","EEB1",NA,"dma4825","Vph1_R1_Plate13",6,2,488,54,"G1 phase",-0.588002423293271,-0.643369254780529
261265881,"YPL095C","EEB1",NA,"dma4825","Vph1_R1_Plate13",6,2,488,55,"G1 phase",-1.25084277302595,-1.48697124237714
261265882,"YPL095C","EEB1",NA,"dma4825","Vph1_R1_Plate13",6,2,488,56,"G1 phase",0.371973255629919,0.583733109134169
261265883,"YPL095C","EEB1",NA,"dma4825","Vph1_R1_Plate13",6,2,488,58,"G1 phase",0.94719677752437,0.515533299943581
261265884,"YPL095C","EEB1",NA,"dma4825","Vph1_R1_Plate13",6,2,488,60,"G1 phase",0.234833872926606,0.193149177755226
261265885,"YPL095C","EEB1",NA,"dma4825","Vph1_R1_Plate13",6,2,488,61,"G1 phase",0.322450700764834,0.103698703382064
261265886,"YPL095C","EEB1",NA,"dma4825","Vph1_R1_Plate13",6,2,488,63,"G1 phase",-0.443244185995329,-0.633402857543739
261265887,"YPL095C","EEB1",NA,"dma4825","Vph1_R1_Plate13",6,2,488,64,"G1 phase",-0.656572114644927,-0.788170298931558
261265888,"YPL095C","EEB1",NA,"dma4825","Vph1_R1_Plate13",6,2,488,65,"G1 phase",-0.485147886265786,-0.701602666734327
261265889,"YPL095C","EEB1",NA,"dma4825","Vph1_R1_Plate13",6,2,488,66,"G1 phase",0.387210964819176,0.0113653868329726
261265891,"YPL095C","EEB1",NA,"dma4825","Vph1_R1_Plate13",6,2,488,69,"G1 phase",-0.713713524104641,-0.88050361548065
261265892,"YPL095C","EEB1",NA,"dma4825","Vph1_R1_Plate13",6,2,488,70,"G1 phase",-0.736570087888526,-0.764036791573053
261265893,"YPL095C","EEB1",NA,"dma4825","Vph1_R1_Plate13",6,2,488,71,"G1 phase",-0.76704550626704,-0.444535511560628
261265894,"YPL095C","EEB1",NA,"dma4825","Vph1_R1_Plate13",6,2,488,72,"G1 phase",0.196739599953464,0.0454652914282664
261265895,"YPL095C","EEB1",NA,"dma4825","Vph1_R1_Plate13",6,2,488,73,"G1 phase",0.432924092386947,0.0454652914282652
261265896,"YPL095C","EEB1",NA,"dma4825","Vph1_R1_Plate13",6,2,488,74,"G1 phase",0.330069555359462,0.0596324015499818
261265897,"YPL095C","EEB1",NA,"dma4825","Vph1_R1_Plate13",6,2,488,75,"G1 phase",-0.283248239508131,0.0879666217934143
261265898,"YPL095C","EEB1",NA,"dma4825","Vph1_R1_Plate13",6,2,488,76,"G1 phase",0.19293017265615,-0.0369016278840383
261265899,"YPL095C","EEB1",NA,"dma4825","Vph1_R1_Plate13",6,2,488,77,"G1 phase",-0.565145859509385,-0.595102240063519
261265900,"YPL095C","EEB1",NA,"dma4825","Vph1_R1_Plate13",6,2,488,79,"G1 phase",-0.275629384913502,-0.48860181339271
261265901,"YPL095C","EEB1",NA,"dma4825","Vph1_R1_Plate13",6,2,488,81,"G1 phase",0.672918012117744,0.360765858555763
261265902,"YPL095C","EEB1",NA,"dma4825","Vph1_R1_Plate13",6,2,488,83,"G1 phase",-0.4889573135631,-0.725736174092832
261265903,"YPL095C","EEB1",NA,"dma4825","Vph1_R1_Plate13",6,2,488,84,"G1 phase",1.46146946266179,1.75680277397999
261265904,"YPL095C","EEB1",NA,"dma4825","Vph1_R1_Plate13",6,2,488,85,"G1 phase",-0.0242071832907624,-0.293968783057737
261265905,"YPL095C","EEB1",NA,"dma4825","Vph1_R1_Plate13",6,2,488,87,"G1 phase",0.295784709683634,0.200232732816084
261265906,"YPL095C","EEB1",NA,"dma4825","Vph1_R1_Plate13",6,2,488,88,"G1 phase",-1.29274647329641,-1.47700484514035
261265907,"YPL095C","EEB1",NA,"dma4825","Vph1_R1_Plate13",6,2,488,90,"G1 phase",-0.378483921940987,-0.543952383170578
261265908,"YPL095C","EEB1",NA,"dma4825","Vph1_R1_Plate13",6,2,488,92,"G1 phase",0.501493783738603,1.00553410293248
261265909,"YPL095C","EEB1",NA,"dma4825","Vph1_R1_Plate13",6,2,488,93,"G1 phase",2.33001888644944,2.6586381735304
261265910,"YPL095C","EEB1",NA,"dma4825","Vph1_R1_Plate13",6,2,488,94,"G1 phase",-0.751807797077783,-0.599302952948446
261265911,"YPL095C","EEB1",NA,"dma4825","Vph1_R1_Plate13",6,2,488,95,"G1 phase",-1.10227510843069,-1.28813749915724
261265912,"YPL095C","EEB1",NA,"dma4825","Vph1_R1_Plate13",6,2,488,96,"G1 phase",-0.896566034375724,-0.478635416155922
261265913,"YPL095C","EEB1",NA,"dma4825","Vph1_R1_Plate13",6,2,488,98,"G1 phase",1.64051254563556,1.86750391353573
261265914,"YPL095C","EEB1",NA,"dma4825","Vph1_R1_Plate13",6,2,488,99,"G1 phase",-0.00516004680419119,-0.092252197661906
261265915,"YPL095C","EEB1",NA,"dma4825","Vph1_R1_Plate13",6,2,488,100,"G1 phase",0.505303211035918,0.171898512572651
261265916,"YPL095C","EEB1",NA,"dma4825","Vph1_R1_Plate13",6,2,488,101,"G1 phase",3.11857033699349,2.74808864790356
261265917,"YPL095C","EEB1",NA,"dma4825","Vph1_R1_Plate13",6,2,488,103,"G1 phase",-0.188012557075275,0.196032019931156
261265918,"YPL095C","EEB1",NA,"dma4825","Vph1_R1_Plate13",6,2,488,104,"G1 phase",-1.36131616464806,-1.46992129007949
261265919,"YPL095C","EEB1",NA,"dma4825","Vph1_R1_Plate13",6,2,488,106,"G1 phase",-1.04894312626829,-1.22990408720344
261265920,"YPL095C","EEB1",NA,"dma4825","Vph1_R1_Plate13",6,2,488,107,"G1 phase",-0.0546826016692764,-0.0298180728231797
261265921,"YPL095C","EEB1",NA,"dma4825","Vph1_R1_Plate13",6,2,488,108,"G1 phase",0.867198804280771,0.394865763151058
261265922,"YPL095C","EEB1",NA,"dma4825","Vph1_R1_Plate13",6,2,488,109,"G1 phase",-0.709904096807326,-0.914603520075944
261265923,"YPL095C","EEB1",NA,"dma4825","Vph1_R1_Plate13",6,2,488,110,"G1 phase",-0.431815904103387,-0.633402857543739
261265924,"YPL095C","EEB1",NA,"dma4825","Vph1_R1_Plate13",6,2,488,111,"G1 phase",-0.808949206537497,-0.938737027434448
261265925,"YPL095C","EEB1",NA,"dma4825","Vph1_R1_Plate13",6,2,488,112,"G1 phase",-0.233725684643046,-0.444535511560628
261265926,"YPL095C","EEB1",NA,"dma4825","Vph1_R1_Plate13",6,2,488,115,"G1 phase",0.459590083468147,0.0837659089084866
261265927,"YPL095C","EEB1",NA,"dma4825","Vph1_R1_Plate13",6,2,488,116,"G1 phase",-0.664190969239555,-0.866336505358934
261265928,"YPL095C","EEB1",NA,"dma4825","Vph1_R1_Plate13",6,2,488,117,"G1 phase",-0.348008503562473,-0.516936033636143
261265929,"YPL095C","EEB1",NA,"dma4825","Vph1_R1_Plate13",6,2,488,118,"G1 phase",0.124360481304493,-0.0539515801816846
261265930,"YPL095C","EEB1",NA,"dma4825","Vph1_R1_Plate13",6,2,488,119,"G1 phase",1.10719272401157,1.23846775074767
261265931,"YPL095C","EEB1",NA,"dma4825","Vph1_R1_Plate13",6,2,488,120,"G1 phase",0.0710284991420937,-0.119268547196342
261265932,"YPL095C","EEB1",NA,"dma4825","Vph1_R1_Plate13",6,2,488,121,"G1 phase",-0.226106830048417,-0.211601863745433
261265933,"YPL095C","EEB1",NA,"dma4825","Vph1_R1_Plate13",6,2,488,122,"G1 phase",-0.805139779240183,-0.972836932029743
261265934,"YPL095C","EEB1",NA,"dma4825","Vph1_R1_Plate13",6,2,488,123,"G1 phase",-1.18227308167429,-1.20577057984494
261265935,"YPL095C","EEB1",NA,"dma4825","Vph1_R1_Plate13",6,2,488,125,"G1 phase",0.352926119143348,0.103698703382064
261265936,"YPL095C","EEB1",NA,"dma4825","Vph1_R1_Plate13",6,2,488,126,"G1 phase",-1.60892893897349,-1.77813830214613
261265937,"YPL095C","EEB1",NA,"dma4825","Vph1_R1_Plate13",6,2,488,127,"G1 phase",-0.348008503562473,-0.416201291317196
261265938,"YPL095C","EEB1",NA,"dma4825","Vph1_R1_Plate13",6,2,488,128,"G1 phase",1.64432197293288,2.01963561350555
261265939,"YPL095C","EEB1",NA,"dma4825","Vph1_R1_Plate13",6,2,488,129,"G1 phase",0.874817658875399,0.597900219255885
261265940,"YPL095C","EEB1",NA,"dma4825","Vph1_R1_Plate13",6,2,488,130,"G1 phase",3.93378777861874,3.56335641525673
261265941,"YPL095C","EEB1",NA,"dma4825","Vph1_R1_Plate13",6,2,488,131,"G1 phase",-0.268010530318874,-0.512735320751215
261265942,"YPL095C","EEB1",NA,"dma4825","Vph1_R1_Plate13",6,2,488,132,"G1 phase",-0.233725684643046,-0.410435606965334
261265943,"YPL095C","EEB1",NA,"dma4825","Vph1_R1_Plate13",6,2,488,133,"G1 phase",-0.203250266264532,-0.284002385820949
261265944,"YPL095C","EEB1",NA,"dma4825","Vph1_R1_Plate13",6,2,488,134,"G1 phase",0.326260128062148,0.923167183620172
261265945,"YPL095C","EEB1",NA,"dma4825","Vph1_R1_Plate13",6,2,488,135,"G1 phase",-0.0280166105880767,-0.105101437074625
261265946,"YPL095C","EEB1",NA,"dma4825","Vph1_R1_Plate13",6,2,488,136,"G1 phase",1.17957184266054,0.731416995461131
261265947,"YPL095C","EEB1",NA,"dma4825","Vph1_R1_Plate13",6,2,488,137,"G1 phase",1.94907615671802,2.79503779191157
261265948,"YPL095C","EEB1",NA,"dma4825","Vph1_R1_Plate13",6,2,488,139,"G1 phase",0.307212991575577,0.176099225457579
261265949,"YPL095C","EEB1",NA,"dma4825","Vph1_R1_Plate13",6,2,488,140,"G1 phase",-0.0889674473451046,-0.362168592248325
261265950,"YPL095C","EEB1",NA,"dma4825","Vph1_R1_Plate13",6,2,488,142,"G1 phase",0.562444620495631,0.340833064082186
261265951,"YPL095C","EEB1",NA,"dma4825","Vph1_R1_Plate13",6,2,488,143,"G1 phase",0.23864330022392,0.663217186270541
261265952,"YPL095C","EEB1",NA,"dma4825","Vph1_R1_Plate13",6,2,488,144,"G1 phase",-0.561336432212071,-0.330951529828962
261265953,"YPL095C","EEB1",NA,"dma4825","Vph1_R1_Plate13",6,2,488,145,"G1 phase",0.105313344817922,0.384899365914268
261265954,"YPL095C","EEB1",NA,"dma4825","Vph1_R1_Plate13",6,2,488,146,"G1 phase",0.200549027250778,0.0354988941914769
261265955,"YPL095C","EEB1",NA,"dma4825","Vph1_R1_Plate13",6,2,488,147,"G1 phase",-1.16703537248504,-1.37050441846954
261265956,"YPL095C","EEB1",NA,"dma4825","Vph1_R1_Plate13",6,2,488,148,"G1 phase",1.87669703806905,1.84493537764416
261265957,"YPL095C","EEB1",NA,"dma4825","Vph1_R1_Plate13",6,2,488,149,"G1 phase",0.505303211035918,0.178982067633509
261265958,"YPL095C","EEB1",NA,"dma4825","Vph1_R1_Plate13",6,2,488,150,"G1 phase",-0.827996343024068,-0.948703424671238
261265959,"YPL095C","EEB1",NA,"dma4825","Vph1_R1_Plate13",6,2,488,152,"G1 phase",-0.344199076265159,-0.475752573979991
261265960,"YPL095C","EEB1",NA,"dma4825","Vph1_R1_Plate13",6,2,488,153,"G1 phase",-0.241344539237674,-0.356402907896463
261265961,"YPL095C","EEB1",NA,"dma4825","Vph1_R1_Plate13",6,2,488,155,"G1 phase",-0.252772821129617,-0.42460271708705
261265962,"YPL095C","EEB1",NA,"dma4825","Vph1_R1_Plate13",6,2,488,156,"G1 phase",0.295784709683634,0.505566902706793
261265963,"YPL095C","EEB1",NA,"dma4825","Vph1_R1_Plate13",6,2,488,157,"G1 phase",-0.881328325186467,-1.01113754950996
261265964,"YPL095C","EEB1",NA,"dma4825","Vph1_R1_Plate13",6,2,488,158,"G1 phase",0.375782682927233,0.646167233972895
261265965,"YPL095C","EEB1",NA,"dma4825","Vph1_R1_Plate13",6,2,488,159,"G1 phase",0.029124798871637,-0.0240523884713178
261265966,"YPL095C","EEB1",NA,"dma4825","Vph1_R1_Plate13",6,2,488,160,"G1 phase",-0.233725684643046,-0.516936033636143
261265967,"YPL095C","EEB1",NA,"dma4825","Vph1_R1_Plate13",6,2,488,161,"G1 phase",-1.35369731005343,-1.59347166904795
261265968,"YPL095C","EEB1",NA,"dma4825","Vph1_R1_Plate13",6,2,488,164,"G1 phase",0.547206911306374,0.127832210740569
261265969,"YPL095C","EEB1",NA,"dma4825","Vph1_R1_Plate13",6,2,488,165,"G1 phase",-0.987992289511266,-1.13757077065435
261265970,"YPL095C","EEB1",NA,"dma4825","Vph1_R1_Plate13",6,2,488,169,"G1 phase",-0.142299429507504,-0.28976807017281
261265971,"YPL095C","EEB1",NA,"dma4825","Vph1_R1_Plate13",6,2,488,171,"G1 phase",-1.12894109951189,-1.31227100651575
261265972,"YPL095C","EEB1",NA,"dma4825","Vph1_R1_Plate13",6,2,488,173,"G1 phase",0.170073608872264,0.00139898959618315
261265973,"YPL095C","EEB1",NA,"dma4825","Vph1_R1_Plate13",6,2,488,174,"G1 phase",-1.18608250897161,-1.31227100651575
261265974,"YPL095C","EEB1",NA,"dma4825","Vph1_R1_Plate13",6,2,488,175,"G1 phase",-1.5594063841084,-1.81643891962636
261265975,"YPL095C","EEB1",NA,"dma4825","Vph1_R1_Plate13",6,2,488,176,"G1 phase",2.72238989807281,2.2368371797321
261265976,"YPL095C","EEB1",NA,"dma4825","Vph1_R1_Plate13",6,2,488,177,"G1 phase",2.33001888644944,2.19277087790001
261265977,"YPL095C","EEB1",NA,"dma4825","Vph1_R1_Plate13",6,2,488,179,"G1 phase",-0.835615197618697,-0.996970439388248
261265978,"YPL095C","EEB1",NA,"dma4825","Vph1_R1_Plate13",6,2,488,181,"G1 phase",-0.789902070050926,-0.818069490641924
261265979,"YPL095C","EEB1",NA,"dma4825","Vph1_R1_Plate13",6,2,488,183,"G1 phase",-0.0623014562639048,-0.0951350398378363
261265980,"YPL095C","EEB1",NA,"dma4825","Vph1_R1_Plate13",6,2,488,184,"G1 phase",-0.91942259815961,-0.886269299832511
261265981,"YPL095C","EEB1",NA,"dma4825","Vph1_R1_Plate13",6,2,488,185,"G1 phase",0.451971228873518,0.380451552271403
261265982,"YPL095C","EEB1",NA,"dma4825","Vph1_R1_Plate13",6,2,488,186,"G1 phase",1.71289166428453,1.17446865444201
261265983,"YPL095C","EEB1",NA,"dma4825","Vph1_R1_Plate13",6,2,488,187,"G1 phase",0.280547000494377,0.103698703382065
261265984,"YPL095C","EEB1",NA,"dma4825","Vph1_R1_Plate13",6,2,488,188,"G1 phase",0.333878982656777,0.686032822920051
261265985,"YPL095C","EEB1",NA,"dma4825","Vph1_R1_Plate13",6,2,488,189,"G1 phase",-0.142299429507504,-0.166217691204355
261265986,"YPL095C","EEB1",NA,"dma4825","Vph1_R1_Plate13",6,2,488,190,"G1 phase",-0.0127789013988197,-0.235735371103938
261265987,"YPL095C","EEB1",NA,"dma4825","Vph1_R1_Plate13",6,2,488,191,"G1 phase",-0.812758633834811,-0.774003188809841
261265988,"YPL095C","EEB1",NA,"dma4825","Vph1_R1_Plate13",6,2,488,192,"G1 phase",-0.877518897889153,-1.08930375593734
261265989,"YPL095C","EEB1",NA,"dma4825","Vph1_R1_Plate13",6,2,488,193,"G1 phase",-0.252772821129617,-0.444535511560628
261265990,"YPL095C","EEB1",NA,"dma4825","Vph1_R1_Plate13",6,2,488,194,"G1 phase",-0.610858987077156,-0.725736174092832
261265991,"YPL095C","EEB1",NA,"dma4825","Vph1_R1_Plate13",6,2,488,195,"G1 phase",-0.949898016538124,-1.12340366053263
261265992,"YPL095C","EEB1",NA,"dma4825","Vph1_R1_Plate13",6,2,488,196,"G1 phase",0.352926119143348,0.0213317840697604
261265993,"YPL095C","EEB1",NA,"dma4825","Vph1_R1_Plate13",6,2,488,197,"G1 phase",0.044362508060894,-0.17750195915014
261265994,"YPL095C","EEB1",NA,"dma4825","Vph1_R1_Plate13",6,2,488,198,"G1 phase",0.0710284991420937,-0.163334849028424
261265995,"YPL095C","EEB1",NA,"dma4825","Vph1_R1_Plate13",6,2,488,199,"G1 phase",-1.44131413789166,-1.58638811398709
261265996,"YPL095C","EEB1",NA,"dma4825","Vph1_R1_Plate13",6,2,488,200,"G1 phase",-0.168965420588704,-0.410435606965334
261265997,"YPL095C","EEB1",NA,"dma4825","Vph1_R1_Plate13",6,2,488,201,"G1 phase",-0.328961367075902,-0.551035938231436
261265998,"YPL095C","EEB1",NA,"dma4825","Vph1_R1_Plate13",6,2,488,202,"G1 phase",-1.06799026275487,-1.20577057984494
261265999,"YPL095C","EEB1",NA,"dma4825","Vph1_R1_Plate13",6,2,488,203,"G1 phase",-0.229916257345732,0.100815861206134
261266000,"YPL095C","EEB1",NA,"dma4825","Vph1_R1_Plate13",6,2,488,204,"G1 phase",0.413876955900376,0.151965718099075
261266001,"YPL095C","EEB1",NA,"dma4825","Vph1_R1_Plate13",6,2,488,205,"G1 phase",1.71670109158185,1.93150300984138
261266002,"YPL095C","EEB1",NA,"dma4825","Vph1_R1_Plate13",6,2,488,206,"G1 phase",2.61953536104532,2.94272167823853
261266003,"YPL095C","EEB1",NA,"dma4825","Vph1_R1_Plate13",6,2,488,207,"G1 phase",1.48432602644568,1.5480026335233
261266004,"YPL095C","EEB1",NA,"dma4825","Vph1_R1_Plate13",6,2,488,208,"G1 phase",-0.424197049508758,-0.0710015324793314
261266005,"YPL095C","EEB1",NA,"dma4825","Vph1_R1_Plate13",6,2,488,209,"G1 phase",1.13385871509277,1.33080106729676
261266006,"YPL095C","EEB1",NA,"dma4825","Vph1_R1_Plate13",6,2,488,210,"G1 phase",-0.256582248426931,-0.502768923514427
261266007,"YPL095C","EEB1",NA,"dma4825","Vph1_R1_Plate13",6,2,488,211,"G1 phase",-1.01465828059247,-1.19580418260815
261266008,"YPL095C","EEB1",NA,"dma4825","Vph1_R1_Plate13",6,2,488,212,"G1 phase",-0.508004450049671,-0.681669872260749
261266009,"YPL095C","EEB1",NA,"dma4825","Vph1_R1_Plate13",6,2,488,213,"G1 phase",0.11293219941255,0.0113653868329721
261266010,"YPL095C","EEB1",NA,"dma4825","Vph1_R1_Plate13",6,2,488,214,"G1 phase",0.200549027250778,0.079565196023559
